territoryId;Name;Type;Controller;IPC;IsCapital;CapitalOf;VictoryCity;Map;MainCapital;Army (nutrales);Continent;Territories owner;Infantry;Artillery;Mechanized Infantry;Tank;AAA;Fighter;Tactical Bomber;Strategic Bomber;Battleship;Aircraft Carrier;Cruiser;Destroyer;Submarine;Transport;Minor Industrial Complex;Major Industrial Complex;Air Base;Naval Base;Globale Rules;Army in other terretory;startingUnits;adjacentterritory;capital;neutralType;originalOwner;neighbors
pacific-alaska;Alaska;Territory;USA;2;No;;No;Pacific;;;America;USA;;;;;;;;;;;;;;;;;;;;;"[{""nation"": ""USA""}]";;"{""isCapital"": false, ""type"": ""none""}";none;USA;
pacific-western-canada;Western Canada;Territory;UK (Europe);1;No;;No;Pacific;;;America;UK (Europe);;;;;;;;;;;;;;;;;;;;;"[{""nation"": ""UK (Europe)""}]";;"{""isCapital"": false, ""type"": ""none""}";none;UK (Europe);
pacific-western-united-states-san-francisco;Western United States (San Francisco);Territory;USA;10;Yes;USA;Yes;Pacific;;;America;USA;2;1;1;;2;1;;;;;;;;;;1;1;1;;;"[{""nation"": ""USA"", ""infantry"": 2, ""artillery"": 1, ""mechanizedinfantry"": 1, ""aaa"": 2, ""fighter"": 1}]";;"{""isCapital"": true, ""type"": ""regional"", ""capitalOf"": ""USA""}";none;USA;
pacific-aleutian-islands;Aleutian Islands;Territory;USA;0;No;;No;Pacific;;;America;USA;;;;;;;;;;;;;;;;;;;;;"[{""nation"": ""USA""}]";;"{""isCapital"": false, ""type"": ""none""}";none;USA;
pacific-mexico;Mexico;Territory;USA;2;No;;No;Pacific;;;America;USA;;;;;;;;;;;;;;;;;;;;;"[{""nation"": ""USA""}]";;"{""isCapital"": false, ""type"": ""none""}";none;USA;
pacific-hawaiian-islands-honolulu;Hawaiian Islands (Honolulu);Territory;USA;3;Yes;;Yes;Pacific;;;America;USA;2;;;;;2;;;;;;;;;;;1;1;;;"[{""nation"": ""USA"", ""infantry"": 2, ""fighter"": 2}]";;"{""isCapital"": true, ""type"": ""regional""}";none;USA;
pacific-midway;Midway;Territory;USA;0;No;;No;Pacific;;;America;USA;;;;;;;;;;;;;;;;;1;;;;"[{""nation"": ""USA""}]";;"{""isCapital"": false, ""type"": ""none""}";none;USA;
pacific-wake-island;Wake Island;Territory;USA;0;No;;No;Pacific;;;America;USA;;;;;;;;;;;;;;;;;1;;;;"[{""nation"": ""USA""}]";;"{""isCapital"": false, ""type"": ""none""}";none;USA;
pacific-johnston-island;Johnston Island;Territory;USA;0;No;;No;Pacific;;;America;USA;;;;;;;;;;;;;;;;;;;;;"[{""nation"": ""USA""}]";;"{""isCapital"": false, ""type"": ""none""}";none;USA;
pacific-line-islands;Line Islands;Territory;USA;0;No;;No;Pacific;;;America;USA;;;;;;;;;;;;;;;;;;;;;"[{""nation"": ""USA""}]";;"{""isCapital"": false, ""type"": ""none""}";none;USA;
pacific-guam;Guam;Territory;USA;0;No;;No;Pacific;;;America;USA;;;;;;;;;;;;;;;;;1;;;;"[{""nation"": ""USA""}]";;"{""isCapital"": false, ""type"": ""none""}";none;USA;
pacific-philippine-islands-manilla;Philippine Islands (Manilla);Territory;USA;2;Yes;;Yes;Pacific;;;America;USA;2;;;;;1;;;;;;;;;;;1;1;;;"[{""nation"": ""USA"", ""infantry"": 2, ""fighter"": 1}]";;"{""isCapital"": true, ""type"": ""regional""}";none;USA;
europe-central-united-states;Central United States;Territory;USA;12;No;;No;Europe;;;America;USA;1;;3;1;;;1;;;;;;;;;1;;;;;"[{""nation"": ""USA"", ""infantry"": 1, ""mechanizedinfantry"": 3, ""tank"": 1, ""tacticalbomber"": 1}]";;"{""isCapital"": false, ""type"": ""none""}";none;USA;
europe-eastern-united-states-washington;Eastern United States (Washington);Territory;USA;20;Yes;USA;Yes;Europe;Yes;;America;USA;1;1;;;2;1;;;;;;;;;;1;1;1;;;"[{""nation"": ""USA"", ""infantry"": 1, ""artillery"": 1, ""aaa"": 2, ""fighter"": 1}]";;"{""isCapital"": true, ""type"": ""main"", ""capitalOf"": ""USA""}";none;USA;
europe-southeastern-mexico;Southeastern Mexico;Territory;USA;0;No;;No;Europe;;;America;USA;;;;;;;;;;;;;;;;;;;;;"[{""nation"": ""USA""}]";;"{""isCapital"": false, ""type"": ""none""}";none;USA;
europe-central-america;Central America;Territory;USA;1;No;;No;Europe;;;America;USA;;;;;;;;;;;;;;;;;;;;;"[{""nation"": ""USA""}]";;"{""isCapital"": false, ""type"": ""none""}";none;USA;
europe-greenland;Greenland;Territory;USA;0;No;;No;Europe;;;America;USA;;;;;;;;;;;;;;;;;;;;;"[{""nation"": ""USA""}]";;"{""isCapital"": false, ""type"": ""none""}";none;USA;
europe-albertasaskatchewanmanitoba;Alberta/Saskatchewan/Manitoba;Territory;UK (Europe);1;No;;No;Europe;;;America;UK (Europe);;;;;;;;;;;;;;;;;;;;;"[{""nation"": ""UK (Europe)""}]";;"{""isCapital"": false, ""type"": ""none""}";none;UK (Europe);europe-sea-zone-120
europe-quebec;Quebec;Territory;UK (Europe);2;No;;No;Europe;;;America;Canada;1;;;1;;;;;;;;;;;1;;;;;;"[{""nation"": ""Canada"", ""infantry"": 1, ""tank"": 1}]";;"{""isCapital"": false, ""type"": ""none""}";none;Canada;
europe-newfoundland-labrador;Newfoundland Labrador;Territory;UK (Europe);0;No;;No;Europe;;;America;UK (Europe);;;;;;;;;;;;;;;;;;;;;"[{""nation"": ""UK (Europe)""}]";;"{""isCapital"": false, ""type"": ""none""}";none;UK (Europe);
europe-new-brunswick-nova-scotia;New Brunswick Nova Scotia;Territory;UK (Europe);1;No;;No;Europe;;;America;Canada;;;;;;;;;;;;;;;;;;1;;;"[{""nation"": ""Canada""}]";;"{""isCapital"": false, ""type"": ""none""}";none;Canada;
europe-ontario-ottawa;Ontario (Ottawa);Territory;UK (Europe);2;Yes;;Yes;Europe;;;America;Canada;1;1;;;;;;;;;;;;;;;;;;;"[{""nation"": ""Canada"", ""infantry"": 1, ""artillery"": 1}]";;"{""isCapital"": true, ""type"": ""regional""}";none;Canada;
europe-colombia;Colombia;Territory;Neutral;0;No;;No;Europe;;0;South Amerika;Neutral;;;;;;;;;;;;;;;;;;;;;"[{""nation"": ""Neutral""}]";;"{""isCapital"": false, ""type"": ""none""}";other;Neutral;
europe-venezuela;Venezuela;Territory;Neutral;2;No;;No;Europe;;2;South Amerika;Neutral;;;;;;;;;;;;;;;;;;;;;"[{""nation"": ""Neutral""}]";;"{""isCapital"": false, ""type"": ""none""}";other;Neutral;
europe-british-guiana;British Guiana;Territory;UK (Europe);0;No;;No;Europe;;0;South Amerika;UK (Europe);;;;;;;;;;;;;;;;;;;;;"[{""nation"": ""UK (Europe)""}]";;"{""isCapital"": false, ""type"": ""none""}";none;UK (Europe);
europe-suriname;Suriname;Territory;Dutch;0;No;;No;Europe;;0;South Amerika;Dutch;;;;;;;;;;;;;;;;;;;;;"[{""nation"": ""Dutch""}]";;"{""isCapital"": false, ""type"": ""none""}";none;Dutch;
europe-french-guiana;French Guiana;Territory;France;0;No;;No;Europe;;0;South Amerika;France;;;;;;;;;;;;;;;;;;;;;"[{""nation"": ""French""}]";;"{""isCapital"": false, ""type"": ""none""}";none;France;
europe-ecuador;Ecuador;Territory;Neutral;0;No;;No;Europe;;0;South Amerika;Neutral;;;;;;;;;;;;;;;;;;;;;"[{""nation"": ""Neutral""}]";;"{""isCapital"": false, ""type"": ""none""}";other;Neutral;
europe-peru;Peru;Territory;Neutral;0;No;;No;Europe;;0;South Amerika;Neutral;;;;;;;;;;;;;;;;;;;;;"[{""nation"": ""Neutral""}]";;"{""isCapital"": false, ""type"": ""none""}";other;Neutral;
europe-brazil;Brazil;Territory;Neutral;2;No;;No;Europe;;3;South Amerika;Neutral;;;;;;;;;;;;;;;;;;;;;"[{""nation"": ""Neutral""}]";;"{""isCapital"": false, ""type"": ""none""}";other;Neutral;
europe-bolivia;Bolivia;Territory;Neutral;0;No;;No;Europe;;0;South Amerika;Neutral;;;;;;;;;;;;;;;;;;;;;"[{""nation"": ""Neutral""}]";;"{""isCapital"": false, ""type"": ""none""}";other;Neutral;
europe-paraguay;Paraguay;Territory;Neutral;0;No;;No;Europe;;0;South Amerika;Neutral;;;;;;;;;;;;;;;;;;;;;"[{""nation"": ""Neutral""}]";;"{""isCapital"": false, ""type"": ""none""}";other;Neutral;
europe-chile;Chile;Territory;Neutral;2;No;;No;Europe;;2;South Amerika;Neutral;;;;;;;;;;;;;;;;;;;;;"[{""nation"": ""Neutral""}]";;"{""isCapital"": false, ""type"": ""none""}";other;Neutral;
europe-argentina;Argentina;Territory;Neutral;2;No;;No;Europe;;4;South Amerika;Neutral;;;;;;;;;;;;;;;;;;;;;"[{""nation"": ""Neutral""}]";;"{""isCapital"": false, ""type"": ""none""}";other;Neutral;
europe-uruguay;Uruguay;Territory;Neutral;0;No;;No;Europe;;0;South Amerika;Neutral;;;;;;;;;;;;;;;;;;;;;"[{""nation"": ""Neutral""}]";;"{""isCapital"": false, ""type"": ""none""}";other;Neutral;
europe-iceland;Iceland;Territory;UK (Europe);0;No;;No;Europe;;;Europe;UK (Europe);;;;;;;;;;;;;;;;;1;;;;"[{""nation"": ""UK (Europe)""}]";;"{""isCapital"": false, ""type"": ""none""}";none;UK (Europe);
europe-scotland;Scotland;Territory;UK (Europe);2;No;;No;Europe;;;Europe;UK (Europe);2;;;;1;1;;;;;;;;;;;1;;;;"[{""nation"": ""UK (Europe)"", ""infantry"": 2, ""aaa"": 1, ""fighter"": 1}]";;"{""isCapital"": false, ""type"": ""none""}";none;UK (Europe);
europe-eire;Eire;Territory;Pro Allies;0;No;;No;Europe;;0;Europe;Pro Allies;;;;;;;;;;;;;;;;;;;;;"[{""nation"": ""Pro Allies""}]";;"{""isCapital"": false, ""type"": ""none""}";none;Pro Allies;
europe-united-kingdom-london;United Kingdom (London);Territory;UK (Europe);6;Yes;UK (Europe);Yes;Europe;Yes;;Europe;UK (Europe);2;;1;;4;2;;1;;;;;;;;1;1;1;;;"[{""nation"": ""France"", ""infantry"": 2, ""artillery"": 1, ""mechanizedinfantry"": 1}, {""nation"": ""UK (Europe)"", ""infantry"": 2, ""mechanizedinfantry"": 1, ""aaa"": 4, ""fighter"": 2, ""strategicbomber"": 1}]";;"{""isCapital"": true, ""type"": ""main"", ""capitalOf"": ""UK (Europe)""}";none;UK (Europe);
europe-normandy-bordeaux;Normandy Bordeaux ;Territory;France;2;No;;No;Europe;;;Europe;France;1;1;;;;;;;;;;;;;1;;;1;;;"[{""nation"": ""France"", ""infantry"": 1, ""artillery"": 1}]";;"{""isCapital"": false, ""type"": ""none""}";none;France;
europe-southern-france;Southern France;Territory;France;3;No;;No;Europe;;;Europe;France;;;;;;;;;;;;;;;;;;;;;"[{""nation"": ""France""}]";;"{""isCapital"": false, ""type"": ""none""}";none;France;
europe-france-paris;France (Paris);Territory;France;4;Yes;France;Yes;Europe;Yes;;Europe;France;6;1;;1;1;1;;;;;;;;;;1;1;;;;"[{""nation"": ""UK (Europe)"", ""infantry"": 1, ""mechanizedinfantry"": 1}, {""nation"": ""France"", ""infantry"": 6, ""artillery"": 1, ""tank"": 1, ""aaa"": 1, ""fighter"": 1}]";;"{""isCapital"": true, ""type"": ""main"", ""capitalOf"": ""France""}";none;France;
europe-hollandbelgium;Holland/Belgium;Territory;Germany;3;No;;No;Europe;;;Europe;Germany;4;2;;3;;1;;;;;;;;;;;;;;;"[{""nation"": ""Germany"", ""infantry"": 4, ""artillery"": 2, ""tank"": 3, ""fighter"": 1}]";;"{""isCapital"": false, ""type"": ""none""}";none;Germany;
europe-western-germany;Western Germany;Territory;Germany;5;No;;No;Europe;;;Europe;Germany;3;1;4;;3;2;3;;;;;;;;;1;1;1;;;"[{""nation"": ""Germany"", ""infantry"": 3, ""artillery"": 1, ""mechanizedinfantry"": 4, ""aaa"": 3, ""fighter"": 2, ""tacticalbomber"": 3}]";;"{""isCapital"": false, ""type"": ""none""}";none;Germany;
europe-switzerland;Switzerland;Territory;Neutral;0;No;;No;Europe;;;Europe;Neutral;;;;;;;;;;;;;;;;;;;;;"[{""nation"": ""Neutral (Strict)""}]";;"{""isCapital"": false, ""type"": ""none""}";strict;Neutral;
europe-germany-berlin;Germany (Berlin);Territory;Germany;5;Yes;Germany;Yes;Europe;Yes;;Europe;Germany;11;3;;;3;;1;2;;;;;;;;1;;;;;"[{""nation"": ""Germany"", ""infantry"": 11, ""artillery"": 3, ""aaa"": 3, ""tacticalbomber"": 1, ""strategicbomber"": 2}]";;"{""isCapital"": true, ""type"": ""main"", ""capitalOf"": ""Germany""}";none;Germany;
europe-denmark;Denmark;Territory;Germany;2;No;;No;Europe;;;Europe;Germany;2;;;;;;;;;;;;;;;;;;;;"[{""nation"": ""Germany"", ""infantry"": 2}]";;"{""isCapital"": false, ""type"": ""none""}";none;Germany;
europe-greater-southern-germany;Greater Southern Germany;Territory;Germany;4;No;;No;Europe;;;Europe;Germany;6;2;;3;;;;;;;;;;;;;;;;;"[{""nation"": ""Germany"", ""infantry"": 6, ""artillery"": 2, ""tank"": 3}]";;"{""isCapital"": false, ""type"": ""none""}";none;Germany;
europe-poland-warsava;Poland (Warsava);Territory;Germany;2;Yes;Germany;Yes;Europe;;;Europe;Germany;3;;;1;;;1;;;;;;;;;;;;;;"[{""nation"": ""Germany"", ""infantry"": 3, ""tank"": 1, ""tacticalbomber"": 1}]";;"{""isCapital"": true, ""type"": ""regional"", ""capitalOf"": ""Germany""}";none;Germany;
europe-slovakiahungary;Slovakia/Hungary;Territory;Germany;3;No;;No;Europe;;;Europe;Germany;2;;;1;;1;;;;;;;;;;;;;;;"[{""nation"": ""Germany"", ""infantry"": 2, ""tank"": 1, ""fighter"": 1}]";;"{""isCapital"": false, ""type"": ""none""}";none;Germany;
europe-romania;Romania;Territory;Germany;3;No;;No;Europe;;;Europe;Germany;2;;;1;;;;;;;;;;;;;;;;;"[{""nation"": ""Germany"", ""infantry"": 2, ""tank"": 1}]";;"{""isCapital"": false, ""type"": ""none""}";none;Germany;
europe-yugoslavia;Yugoslavia;Territory;Neutral;2;No;;No;Europe;;2;Europe;Neutral;;;;;;;;;;;;;;;;;;;;;"[{""nation"": ""Neutral (Pro Allies)""}]";;"{""isCapital"": false, ""type"": ""none""}";pro-allies;Neutral;
europe-albania;Albania;Territory;Italy;1;No;;No;Europe;;;Europe;Italy;2;;;1;;;;;;;;;;;;;;;;;"[{""nation"": ""Italy"", ""infantry"": 2, ""tank"": 1}]";;"{""isCapital"": false, ""type"": ""none""}";none;Italy;
europe-bulgaria;Bulgaria;Territory;Neutral;1;No;;No;Europe;;4;Europe;Neutral;;;;;;;;;;;;;;;;;;;;;"[{""nation"": ""Neutral (Pro Axis)""}]";;"{""isCapital"": false, ""type"": ""none""}";pro-axis;Neutral;
europe-greece;Greece;Territory;Neutral;2;No;;No;Europe;;4;Europe;Neutral;;;;;;;;;;;;;;;;;;;;;"[{""nation"": ""Neutral (Pro Allies)""}]";;"{""isCapital"": false, ""type"": ""none""}";pro-allies;Neutral;
europe-norway;Norway;Territory;Germany;3;No;;No;Europe;;;Europe;Germany;3;;;;;1;;;;;;;;;;;;;;;"[{""nation"": ""Germany"", ""infantry"": 3, ""fighter"": 1}]";;"{""isCapital"": false, ""type"": ""none""}";none;Germany;
europe-sweden;Sweden;Territory;Neutral;3;No;;No;Europe;;6;Europe;Neutral;;;;;;;;;;;;;;;;;;;;;"[{""nation"": ""Neutral (Strict)""}]";;"{""isCapital"": false, ""type"": ""none""}";strict;Neutral;
europe-finland;Finland;Territory;Neutral;2;No;;No;Europe;;4;Europe;Neutral;;;;;;;;;;;;;;;;;;;;;"[{""nation"": ""Neutral (Pro-Axis)""}]";;"{""isCapital"": false, ""type"": ""none""}";pro-axis;Neutral;
europe-portugal;Portugal;Territory;Neutral;1;No;;No;Europe;;2;Europe;Neutral;;;;;;;;;;;;;;;;;;;;;"[{""nation"": ""Neutral""}]";;"{""isCapital"": false, ""type"": ""none""}";other;Neutral;
europe-spain;Spain;Territory;Neutral;2;No;;No;Europe;;6;Europe;Neutral;;;;;;;;;;;;;;;;;;;;;"[{""nation"": ""Neutral""}]";;"{""isCapital"": false, ""type"": ""none""}";other;Neutral;
europe-gibraltar;Gibraltar;Territory;UK (Europe);0;No;;No;Europe;;;Europe;UK (Europe);;;;;;;;;;;;;;;;;;1;;;"[{""nation"": ""UK (Europe)""}]";;"{""isCapital"": false, ""type"": ""none""}";none;UK (Europe);
europe-northern-italy;Northern Italy;Territory;Italy;4;No;;No;Europe;;;Europe;Italy;2;2;;1;2;;;1;;;;;;;;1;;;;;"[{""nation"": ""Italy"", ""infantry"": 2, ""artillery"": 2, ""tank"": 1, ""aaa"": 2, ""strategicbomber"": 1}]";;"{""isCapital"": false, ""type"": ""none""}";none;Italy;
europe-southern-italy-rome;Southern Italy (Rome);Territory;Italy;4;Yes;Italy;Yes;Europe;Yes;;Europe;Italy;6;;;;2;2;;;;;;;;;1;;1;1;;;"[{""nation"": ""Italy"", ""infantry"": 6, ""aaa"": 2, ""fighter"": 2}]";;"{""isCapital"": true, ""type"": ""main"", ""capitalOf"": ""Italy""}";none;Italy;
europe-sardinia;Sardinia;Territory;Italy;0;No;;No;Europe;;;Europe;Italy;;;;;;;;;;;;;;;;;;;;;"[{""nation"": ""Italy""}]";;"{""isCapital"": false, ""type"": ""none""}";none;Italy;
europe-sicily;Sicily;Territory;Italy;0;No;;No;Europe;;;Europe;Italy;;;;;;;;;;;;;;;;;;;;;"[{""nation"": ""Italy""}]";;"{""isCapital"": false, ""type"": ""none""}";none;Italy;
europe-malta;Malta;Territory;UK (Europe);0;No;;No;Europe;;;Europe;UK (Europe);1;;;;1;1;;;;;;;;;;;;;;;"[{""nation"": ""UK (Europe)"", ""infantry"": 1, ""aaa"": 1, ""fighter"": 1}]";;"{""isCapital"": false, ""type"": ""none""}";none;UK (Europe);
europe-rio-de-oro;Rio de Oro;Territory;Neutral;0;No;;No;Europe;;;Africa;Neutral;;;;;;;;;;;;;;;;;;;;;"[{""nation"": ""Neutral""}]";;"{""isCapital"": false, ""type"": ""none""}";other;Neutral;
europe-morocco;Morocco;Territory;France;1;No;;No;Europe;;;Africa;France;1;;;;;;;;;;;;;;;;;;;;"[{""nation"": ""France"", ""infantry"": 1}]";;"{""isCapital"": false, ""type"": ""none""}";none;France;
europe-algeria;Algeria;Territory;France;1;No;;No;Europe;;;Africa;France;1;;;;;;;;;;;;;;;;;;;;"[{""nation"": ""France"", ""infantry"": 1}]";;"{""isCapital"": false, ""type"": ""none""}";none;France;
europe-tunisia;Tunisia;Territory;France;1;No;;No;Europe;;;Africa;France;1;;;;;;;;;;;;;;;;;;;;"[{""nation"": ""France"", ""infantry"": 1}]";;"{""isCapital"": false, ""type"": ""none""}";none;France;
europe-portuguese-guinea;Portuguese Guinea;Territory;Neutral;0;No;;No;Europe;;;Africa;Neutral;;;;;;;;;;;;;;;;;;;;;"[{""nation"": ""Neutral""}]";;"{""isCapital"": false, ""type"": ""none""}";other;Neutral;
europe-sierra-leone;Sierra Leone;Territory;Neutral;0;No;;No;Europe;;;Africa;Neutral;;;;;;;;;;;;;;;;;;;;;"[{""nation"": ""Neutral""}]";;"{""isCapital"": false, ""type"": ""none""}";other;Neutral;
europe-liberia;Liberia;Territory;Neutral;0;No;;No;Europe;;;Africa;Neutral;;;;;;;;;;;;;;;;;;;;;"[{""nation"": ""Neutral""}]";;"{""isCapital"": false, ""type"": ""none""}";other;Neutral;
europe-french-west-africa;French West Africa;Territory;France;1;No;;No;Europe;;;Africa;France;1;;;;;;;;;;;;;;;;;;;;"[{""nation"": ""France"", ""infantry"": 1}]";;"{""isCapital"": false, ""type"": ""none""}";none;France;
europe-gold-coast;Gold Coast;Territory;UK (Europe);1;No;;No;Europe;;;Africa;UK (Europe);;;;;;;;;;;;;;;;;;;;;"[{""nation"": ""UK (Europe)""}]";;"{""isCapital"": false, ""type"": ""none""}";none;UK (Europe);
europe-french-central-africa;French Central Africa;Territory;France;1;No;;No;Europe;;;Africa;France;;;;;;;;;;;;;;;;;;;;;"[{""nation"": ""France""}]";;"{""isCapital"": false, ""type"": ""none""}";none;France;
europe-nigeria;Nigeria;Territory;France;1;No;;No;Europe;;;Africa;France;;;;;;;;;;;;;;;;;;;;;"[{""nation"": ""France""}]";;"{""isCapital"": false, ""type"": ""none""}";none;France;
europe-french-equatorial-africa;French Equatorial Africa;Territory;France;1;No;;No;Europe;;;Africa;France;;;;;;;;;;;;;;;;;;;;;"[{""nation"": ""France""}]";;"{""isCapital"": false, ""type"": ""none""}";none;France;
europe-anglo-egyptian-sudan;Anglo-Egyptian Sudan;Territory;France;1;No;;No;Europe;;;Africa;France;;;;;;;;;;;;;;;;;;;;;"[{""nation"": ""France""}]";;"{""isCapital"": false, ""type"": ""none""}";none;France;
europe-egypt;Egypt;Territory;UK (Europe);2;No;;Yes;Europe;;;Africa;UK (Europe);2;1;1;;;;;;;;;;;;;;;1;;;"[{""nation"": ""ANZAC"", ""infantry"": 1}, {""nation"": ""UK (Europe)"", ""infantry"": 2, ""artillery"": 1, ""mechanizedinfantry"": 1}]";;"{""isCapital"": false, ""type"": ""none""}";none;UK (Europe);
europe-alexandria;Alexandria;Territory;UK (Europe);0;No;;No;Europe;;;Africa;UK (Europe);2;1;;1;;;;;;;;;;;;;;;;;"[{""nation"": ""UK (Europe)"", ""infantry"": 2, ""artillery"": 1, ""tank"": 1}]";;"{""isCapital"": false, ""type"": ""none""}";none;UK (Europe);
europe-tobruk;Tobruk;Territory;Italy;0;No;;No;Europe;;;Africa;Italy;3;1;1;1;;;;;;;;;;;;;;;;;"[{""nation"": ""Italy"", ""infantry"": 3, ""artillery"": 1, ""mechanizedinfantry"": 1, ""tank"": 1}]";;"{""isCapital"": false, ""type"": ""none""}";none;Italy;
europe-libya;Libya;Territory;Italy;0;No;;No;Europe;;;Africa;Italy;1;1;;;;;;;;;;;;;;;;;;;"[{""nation"": ""Italy"", ""infantry"": 1, ""artillery"": 1}]";;"{""isCapital"": false, ""type"": ""none""}";none;Italy;
europe-belgian-congo;Belgian Congo;Territory;UK (Europe);1;No;;No;Europe;;;Africa;UK (Europe);;;;;;;;;;;;;;;;;;;;;"[{""nation"": ""UK (Europe)""}]";;"{""isCapital"": false, ""type"": ""none""}";none;UK (Europe);
europe-tanganyika-terrutory;Tanganyika Terrutory;Territory;UK (Europe);1;No;;No;Europe;;;Africa;UK (Europe);;;;;;;;;;;;;;;;;;;;;"[{""nation"": ""UK (Europe)""}]";;"{""isCapital"": false, ""type"": ""none""}";none;UK (Europe);
europe-angola;Angola;Territory;Neutral;1;No;;No;Europe;;2;Africa;Neutral;;;;;;;;;;;;;;;;;;;;;"[{""nation"": ""Neutral""}]";;"{""isCapital"": false, ""type"": ""none""}";other;Neutral;
europe-south-west-africa;South West Africa;Territory;UK (Europe);1;No;;No;Europe;;;Africa;UK (Europe);;;;;;;;;;;;;;;;;;;;;"[{""nation"": ""UK (Europe)""}]";;"{""isCapital"": false, ""type"": ""none""}";none;UK (Europe);
europe-rhodesia;Rhodesia;Territory;UK (Europe);1;No;;No;Europe;;;Africa;UK (Europe);;;;;;;;;;;;;;;;;;;;;"[{""nation"": ""UK (Europe)""}]";;"{""isCapital"": false, ""type"": ""none""}";none;UK (Europe);
europe-union-of-south-africa;Union of South Africa;Territory;UK (Europe);2;No;;No;Europe;;;Africa;UK (Europe);2;;;;;;;;;;;;;;1;;;1;;;"[{""nation"": ""UK (Europe)"", ""infantry"": 2}]";;"{""isCapital"": false, ""type"": ""none""}";none;UK (Europe);
europe-mozambique;Mozambique;Territory;Neutral;1;No;;No;Europe;;2;Africa;Neutral;;;;;;;;;;;;;;;;;;;;;"[{""nation"": ""Neutral""}]";;"{""isCapital"": false, ""type"": ""none""}";other;Neutral;
europe-french-madagascar;French Madagascar;Territory;France;1;No;;No;Europe;;;Africa;France;;;;;;;;;;;;;;;;;;;;;"[{""nation"": ""France""}]";;"{""isCapital"": false, ""type"": ""none""}";none;France;
europe-italian-somaliland;Italian Somaliland;Territory;Italy;0;No;;No;Europe;;;Africa;Italy;1;;;;;;;;;;;;;;;;;;;;"[{""nation"": ""Italy"", ""infantry"": 1}]";;"{""isCapital"": false, ""type"": ""none""}";none;Italy;
europe-british-somaliland;British Somaliland;Territory;UK (Europe);0;No;;No;Europe;;;Africa;UK (Europe);;;;;;;;;;;;;;;;;;;;;"[{""nation"": ""UK (Europe)""}]";;"{""isCapital"": false, ""type"": ""none""}";none;UK (Europe);
europe-ethiopia;Ethiopia;Territory;Italy;0;No;;No;Europe;;;Africa;Italy;2;1;;;;;;;;;;;;;;;;;;;"[{""nation"": ""Italy"", ""infantry"": 2, ""artillery"": 1}]";;"{""isCapital"": false, ""type"": ""none""}";none;Italy;
europe-karelia;Karelia;Territory;Soviet Union;1;No;;No;Europe;;;Russia;Soviet Union;2;;;;;;;;;;;;;;;;;;;;"[{""nation"": ""Soviet Union"", ""infantry"": 2}]";;"{""isCapital"": false, ""type"": ""none""}";none;Soviet Union;
europe-vyborg;Vyborg;Territory;Soviet Union;0;No;;No;Europe;;;Russia;Soviet Union;3;;;;;;;;;;;;;;;;;;;;"[{""nation"": ""Soviet Union"", ""infantry"": 3}]";;"{""isCapital"": false, ""type"": ""none""}";none;Soviet Union;
europe-baltic-states;Baltic States;Territory;Soviet Union;1;No;;No;Europe;;;Russia;Soviet Union;3;;;;;;;;;;;;;;;;;;;;"[{""nation"": ""Soviet Union"", ""infantry"": 3}]";;"{""isCapital"": false, ""type"": ""none""}";none;Soviet Union;
europe-novgorod-leningrad;Novgorod (Leningrad);Territory;Soviet Union;2;Yes;Soviet Union;Yes;Europe;;;Russia;Soviet Union;6;1;;;2;1;;;;;;;;;1;;1;1;;;"[{""nation"": ""Soviet Union"", ""infantry"": 6, ""artillery"": 1, ""aaa"": 2, ""fighter"": 1}]";;"{""isCapital"": true, ""type"": ""regional"", ""capitalOf"": ""Soviet Union""}";none;Soviet Union;
europe-belarus;Belarus;Territory;Soviet Union;1;No;;No;Europe;;;Russia;Soviet Union;1;;;;;;;;;;;;;;;;;;;;"[{""nation"": ""Soviet Union"", ""infantry"": 1}]";;"{""isCapital"": false, ""type"": ""none""}";none;Soviet Union;
europe-eastern-poland;Eastern Poland;Territory;Soviet Union;1;No;;No;Europe;;;Russia;Soviet Union;2;;;;;;;;;;;;;;;;;;;;"[{""nation"": ""Soviet Union"", ""infantry"": 2}]";;"{""isCapital"": false, ""type"": ""none""}";none;Soviet Union;
europe-western-ukraine;Western Ukraine;Territory;Soviet Union;2;No;;No;Europe;;;Russia;Soviet Union;1;1;;;;;;;;;;;;;;;;;;;"[{""nation"": ""Soviet Union"", ""infantry"": 1, ""artillery"": 1}]";;"{""isCapital"": false, ""type"": ""none""}";none;Soviet Union;
europe-bessarabia;Bessarabia;Territory;Soviet Union;0;No;;No;Europe;;;Russia;Soviet Union;2;;;;;;;;;;;;;;;;;;;;"[{""nation"": ""Soviet Union"", ""infantry"": 2}]";;"{""isCapital"": false, ""type"": ""none""}";none;Soviet Union;
europe-ukraine;Ukraine;Territory;Soviet Union;2;No;;No;Europe;;;Russia;Soviet Union;3;;;;;;;;;;;;;;1;;;;;;"[{""nation"": ""Soviet Union"", ""infantry"": 3}]";;"{""isCapital"": false, ""type"": ""none""}";none;Soviet Union;
europe-archangel;Archangel;Territory;Soviet Union;1;No;;No;Europe;;;Russia;Soviet Union;1;;;;;;;;;;;;;;;;;;;;"[{""nation"": ""Soviet Union"", ""infantry"": 1}]";;"{""isCapital"": false, ""type"": ""none""}";none;Soviet Union;
europe-smolensk;Smolensk;Territory;Soviet Union;1;No;;No;Europe;;;Russia;Soviet Union;;;;;;;;;;;;;;;;;;;;;"[{""nation"": ""Soviet Union""}]";;"{""isCapital"": false, ""type"": ""none""}";none;Soviet Union;
europe-bryansk;Bryansk;Territory;Soviet Union;1;No;;No;Europe;;;Russia;Soviet Union;;;;;;;;;;;;;;;;;;;;;"[{""nation"": ""Soviet Union""}]";;"{""isCapital"": false, ""type"": ""none""}";none;Soviet Union;
europe-rostov;Rostov;Territory;Soviet Union;2;No;;No;Europe;;;Russia;Soviet Union;;;;;;;;;;;;;;;;;;;;;"[{""nation"": ""Soviet Union""}]";;"{""isCapital"": false, ""type"": ""none""}";none;Soviet Union;
europe-caucasus;Caucasus;Territory;Soviet Union;2;No;;No;Europe;;;Russia;Soviet Union;2;;;;;;;;;;;;;;;;;;;;"[{""nation"": ""Soviet Union"", ""infantry"": 2}]";;"{""isCapital"": false, ""type"": ""none""}";none;Soviet Union;
europe-volgograd;Volgograd;Territory;Soviet Union;2;Yes;Russia;Yes;Europe;;;Russia;Soviet Union;;;1;1;;;;;;;;;;;1;;;;;;"[{""nation"": ""Soviet Union"", ""mechanizedinfantry"": 1, ""tank"": 1}]";;"{""isCapital"": true, ""type"": ""regional"", ""capitalOf"": ""Russia""}";none;Soviet Union;
europe-tamboc;Tamboc;Territory;Soviet Union;1;No;;No;Europe;;;Russia;Soviet Union;;;;;;;;;;;;;;;;;;;;;"[{""nation"": ""Soviet Union""}]";;"{""isCapital"": false, ""type"": ""none""}";none;Soviet Union;
europe-russia-moscow;Russia (Moscow);Territory;Soviet Union;3;Yes;Russia;Yes;Europe;Yes;;Russia;Soviet Union;1;1;1;1;2;1;1;;;;;;;;;1;1;;;;"[{""nation"": ""Soviet Union"", ""infantry"": 1, ""artillery"": 1, ""mechanizedinfantry"": 1, ""tank"": 1, ""aaa"": 2, ""fighter"": 1, ""tacticalbomber"": 1}]";;"{""isCapital"": true, ""type"": ""main"", ""capitalOf"": ""Russia""}";none;Soviet Union;
europe-vologda;Vologda;Territory;Soviet Union;1;No;;No;Europe;;;Russia;Soviet Union;;;;;;;;;;;;;;;;;;;;;"[{""nation"": ""Soviet Union""}]";;"{""isCapital"": false, ""type"": ""none""}";none;Soviet Union;
europe-turkmenistan;Turkmenistan;Territory;Soviet Union;0;No;;No;Europe;;;Russia;Soviet Union;;;;;;;;;;;;;;;;;;;;;"[{""nation"": ""Soviet Union""}]";;"{""isCapital"": false, ""type"": ""none""}";none;Soviet Union;
europe-kazakhstan;Kazakhstan;Territory;Soviet Union;1;No;;No;Europe;;;Russia;Soviet Union;;;;;;;;;;;;;;;;;;;;;"[{""nation"": ""Soviet Union""}]";;"{""isCapital"": false, ""type"": ""none""}";none;Soviet Union;
europe-samara;Samara;Territory;Soviet Union;1;No;;No;Europe;;;Russia;Soviet Union;;;;;;;;;;;;;;;;;;;;;"[{""nation"": ""Soviet Union""}]";;"{""isCapital"": false, ""type"": ""none""}";none;Soviet Union;
europe-novosibirsk;Novosibirsk;Territory;Soviet Union;1;No;;No;Europe;;;Russia;Soviet Union;;;;;;;;;;;;;;;;;;;;;"[{""nation"": ""Soviet Union""}]";;"{""isCapital"": false, ""type"": ""none""}";none;Soviet Union;
europe-urals;Urals;Territory;Soviet Union;1;No;;No;Europe;;;Russia;Soviet Union;;;;;;;;;;;;;;;;;;;;;"[{""nation"": ""Soviet Union""}]";;"{""isCapital"": false, ""type"": ""none""}";none;Soviet Union;
europe-nenetsia;Nenetsia;Territory;Soviet Union;0;No;;No;Europe;;;Russia;Soviet Union;;;;;;;;;;;;;;;;;;;;;"[{""nation"": ""Soviet Union""}]";;"{""isCapital"": false, ""type"": ""none""}";none;Soviet Union;
pacific-evenkiyskiy;Evenkiyskiy;Territory;Soviet Union;1;No;;No;Pacific;;;Russia;Soviet Union;;;;;;;;;;;;;;;;;;;;;"[{""nation"": ""Soviet Union""}]";;"{""isCapital"": false, ""type"": ""none""}";none;Soviet Union;
pacific-timguska;Timguska;Territory;Soviet Union;1;No;;No;Pacific;;;Russia;Soviet Union;;;;;;;;;;;;;;;;;;;;;"[{""nation"": ""Soviet Union""}]";;"{""isCapital"": false, ""type"": ""none""}";none;Soviet Union;
pacific-yenisey;Yenisey;Territory;Soviet Union;1;No;;No;Pacific;;;Russia;Soviet Union;;;;;;;;;;;;;;;;;;;;;"[{""nation"": ""Soviet Union""}]";;"{""isCapital"": false, ""type"": ""none""}";none;Soviet Union;
pacific-yakut-ssr;Yakut S.S.R.;Territory;Soviet Union;1;No;;No;Pacific;;;Russia;Soviet Union;;;;;;;;;;;;;;;;;;;;;"[{""nation"": ""Soviet Union""}]";;"{""isCapital"": false, ""type"": ""none""}";none;Soviet Union;
pacific-buryatia;Buryatia;Territory;Soviet Union;1;No;;No;Pacific;;;Russia;Soviet Union;6;;;;;;;;;;;;;;;;;;Yes;;"[{""nation"": ""Soviet Union"", ""infantry"": 6}]";;"{""isCapital"": false, ""type"": ""none""}";none;Soviet Union;
pacific-sakha;Sakha;Territory;Soviet Union;1;No;;No;Pacific;;;Russia;Soviet Union;6;;;;;;;;;;;;;;;;;;Yes;;"[{""nation"": ""Soviet Union"", ""infantry"": 6}]";;"{""isCapital"": false, ""type"": ""none""}";none;Soviet Union;
pacific-siberia;Siberia;Territory;Soviet Union;1;No;;No;Pacific;;;Russia;Soviet Union;;;;;;;;;;;;;;;;;;;;;"[{""nation"": ""Soviet Union""}]";;"{""isCapital"": false, ""type"": ""none""}";none;Soviet Union;
pacific-soviet-far-east;Soviet Far East;Territory;Soviet Union;1;No;;No;Pacific;;;Russia;Soviet Union;;;;;;;;;;;;;;;;;;;;;"[{""nation"": ""Soviet Union""}]";;"{""isCapital"": false, ""type"": ""none""}";none;Soviet Union;
pacific-amur;Amur;Territory;Soviet Union;1;No;;No;Pacific;;;Russia;Soviet Union;6;;;;;;;;;;;;;;;;;;Yes;;"[{""nation"": ""Soviet Union"", ""infantry"": 6}]";;"{""isCapital"": false, ""type"": ""none""}";none;Soviet Union;
pacific-olgiy;Olgiy;Territory;Monglia;2;No;;No;Pacific;;;Asia;Monglia;;;;;;;;;;;;;;;;;;;;;"[{""nation"": ""Neutral - Monglia""}]";;"{""isCapital"": false, ""type"": ""none""}";other;Neutral;
pacific-dzavhan;Dzavhan;Territory;Monglia;1;No;;No;Pacific;;;Asia;Monglia;;;;;;;;;;;;;;;;;;;;;"[{""nation"": ""Neutral - Monglia""}]";;"{""isCapital"": false, ""type"": ""none""}";other;Neutral;
pacific-ulaanbaatar;Ulaanbaatar;Territory;Monglia;1;No;;No;Pacific;;;Asia;Monglia;;;;;;;;;;;;;;;;;;;;;"[{""nation"": ""Neutral - Monglia""}]";;"{""isCapital"": false, ""type"": ""none""}";other;Neutral;
pacific-tsagaan-olom;Tsagaan-Olom;Territory;Monglia;0;No;;No;Pacific;;;Asia;Monglia;;;;;;;;;;;;;;;;;;;;;"[{""nation"": ""Neutral - Monglia""}]";;"{""isCapital"": false, ""type"": ""none""}";other;Neutral;
pacific-central-mongolia;Central Mongolia;Territory;Monglia;0;No;;No;Pacific;;;Asia;Monglia;;;;;;;;;;;;;;;;;;;;;"[{""nation"": ""Neutral - Monglia""}]";;"{""isCapital"": false, ""type"": ""none""}";other;Neutral;
pacific-buyantuhaa;Buyant.Uhaa;Territory;Monglia;2;No;;No;Pacific;;;Asia;Monglia;;;;;;;;;;;;;;;;;;;;;"[{""nation"": ""Neutral - Monglia""}]";;"{""isCapital"": false, ""type"": ""none""}";other;Neutral;
pacific-kansu;Kansu;Territory;China;1;No;;No;Pacific;;;Asia;China;;;;;;;;;;;;;;;;;;;;;"[{""nation"": ""China""}]";;"{""isCapital"": false, ""type"": ""none""}";none;China;
pacific-tsinghai;Tsinghai;Territory;China;1;No;;No;Pacific;;;Asia;China;;;;;;;;;;;;;;;;;;;;;"[{""nation"": ""China""}]";;"{""isCapital"": false, ""type"": ""none""}";none;China;
pacific-sikang;Sikang;Territory;China;1;No;;No;Pacific;;;Asia;China;;;;;;;;;;;;;;;;;;;;;"[{""nation"": ""China""}]";;"{""isCapital"": false, ""type"": ""none""}";none;China;
pacific-suiyuan;Suiyuan;Territory;China;1;No;;No;Pacific;;;Asia;China;2;;;;;;;;;;;;;;;;;;;;"[{""nation"": ""China"", ""infantry"": 2}]";;"{""isCapital"": false, ""type"": ""none""}";none;China;
pacific-shensi;Shensi;Territory;China;1;No;;No;Pacific;;;Asia;China;1;;;;;;;;;;;;;;;;;;;;"[{""nation"": ""China"", ""infantry"": 1}]";;"{""isCapital"": false, ""type"": ""none""}";none;China;
pacific-szechwan;Szechwan;Territory;China;1;No;;No;Pacific;;;Asia;China;6;;;;;1;;;;;;;;;;;;;;;"[{""nation"": ""China"", ""infantry"": 6, ""fighter"": 1}]";;"{""isCapital"": false, ""type"": ""none""}";none;China;
pacific-chahar;Chahar;Territory;China;1;No;;No;Pacific;;;Asia;China;;;;;;;;;;;;;;;;;;;;;"[{""nation"": ""China""}]";;"{""isCapital"": false, ""type"": ""none""}";none;China;
pacific-hopei;Hopei;Territory;China;1;No;;No;Pacific;;;Asia;China;;;;;;;;;;;;;;;;;;;;;"[{""nation"": ""China""}]";;"{""isCapital"": false, ""type"": ""none""}";none;China;
pacific-kweichow;Kweichow;Territory;China;1;No;;No;Pacific;;;Asia;China;2;;;;;;;;;;;;;;;;;;;;"[{""nation"": ""China"", ""infantry"": 2}]";;"{""isCapital"": false, ""type"": ""none""}";none;China;
pacific-yunnan;Yunnan;Territory;China;1;No;;No;Pacific;;;Asia;China;4;;;;;;;;;;;;;;;;;;;;"[{""nation"": ""China"", ""infantry"": 4}]";;"{""isCapital"": false, ""type"": ""none""}";none;China;
pacific-anhwe;Anhwe;Territory;China;1;No;;No;Pacific;;;Asia;China;;;;;;;;;;;;;;;;;;;;;"[{""nation"": ""China""}]";;"{""isCapital"": false, ""type"": ""none""}";none;China;
pacific-hunan;Hunan;Territory;China;1;No;;No;Pacific;;;Asia;China;2;;;;;;;;;;;;;;;;;;;;"[{""nation"": ""China"", ""infantry"": 2}]";;"{""isCapital"": false, ""type"": ""none""}";none;China;
pacific-kwangsi;Kwangsi;Territory;Japan;1;No;;No;Pacific;;;Asia;China;;;;;;;;;;;;;;;;;;;;Japan;"[{""nation"": ""China""}]";;"{""isCapital"": false, ""type"": ""none""}";none;China;
pacific-manchuria;Manchuria;Territory;Japan;3;No;;No;Pacific;;;Asia;China;6;1;1;;1;2;2;;;;;;;;;;;;;Japan;"[{""nation"": ""China"", ""infantry"": 6, ""artillery"": 1, ""mechanizedinfantry"": 1, ""aaa"": 1, ""fighter"": 2, ""tacticalbomber"": 2}]";;"{""isCapital"": false, ""type"": ""none""}";none;China;
pacific-jehol;Jehol;Territory;Japan;1;No;;No;Pacific;;;Asia;China;2;1;;;;;;;;;;;;;;;;;;Japan;"[{""nation"": ""China"", ""infantry"": 2, ""artillery"": 1}]";;"{""isCapital"": false, ""type"": ""none""}";none;China;
pacific-shantung;Shantung;Territory;Japan;2;No;;No;Pacific;;;Asia;China;3;1;;;;;;;;;;;;;;;;;;Japan;"[{""nation"": ""China"", ""infantry"": 3, ""artillery"": 1}]";;"{""isCapital"": false, ""type"": ""none""}";none;China;
pacific-kiangsi;Kiangsi;Territory;Japan;1;No;;No;Pacific;;;Asia;China;3;1;;;;;;;;;;;;;;;;;;Japan;"[{""nation"": ""China"", ""infantry"": 3, ""artillery"": 1}]";;"{""isCapital"": false, ""type"": ""none""}";none;China;
pacific-kiangsu-shanghai;Kiangsu (Shanghai);Territory;Japan;3;Yes;;Yes;Pacific;;;Asia;China;3;1;;;;1;1;;;;;;;;;;;;;Japan;"[{""nation"": ""China"", ""infantry"": 3, ""artillery"": 1, ""fighter"": 1, ""tacticalbomber"": 1}]";;"{""isCapital"": true, ""type"": ""regional""}";none;China;
pacific-kwangtung-hong-kong;Kwangtung (Hong Kong);Territory;UK (Pacific);3;Yes;;Yes;Pacific;;;Asia;UK (Pacific);2;;;;;;;;;;;;;;;;;1;;;"[{""nation"": ""UK (Pacific)"", ""infantry"": 2}]";;"{""isCapital"": true, ""type"": ""regional""}";none;UK (Pacific);
pacific-okinawa;Okinawa;Territory;Japan;0;No;;No;Pacific;;;Asia;Japan;1;;;;;1;;;;;;;;;;;;;;;"[{""nation"": ""Japan"", ""infantry"": 1, ""fighter"": 1}]";;"{""isCapital"": false, ""type"": ""none""}";none;Japan;
pacific-formosa;Formosa;Territory;Japan;0;No;;No;Pacific;;;Asia;Japan;;;;;;1;;;;;;;;;;;;;;;"[{""nation"": ""Japan"", ""fighter"": 1}]";;"{""isCapital"": false, ""type"": ""none""}";none;Japan;
pacific-korea;Korea;Territory;Japan;3;No;;No;Pacific;;;Asia;Japan;4;;;;;1;;;;;;;;;;;;;;;"[{""nation"": ""Japan"", ""infantry"": 4, ""fighter"": 1}]";;"{""isCapital"": false, ""type"": ""none""}";none;Japan;
pacific-french-indo-china;French Indo China;Territory;France;2;No;;No;Pacific;;;Asia;France;;;;;;;;;;;;;;;;;;;;;"[{""nation"": ""France""}]";;"{""isCapital"": false, ""type"": ""none""}";none;France;
pacific-siam;Siam;Territory;Japan;1;No;;No;Pacific;;;Asia;Japan;2;;;;;;;;;;;;;;;;;;;;"[{""nation"": ""Japan"", ""infantry"": 2}]";;"{""isCapital"": false, ""type"": ""none""}";none;Japan;
pacific-malaya;Malaya;Territory;UK (Pacific);3;No;;No;Pacific;;;Asia;UK (Pacific);3;;;;;;;;;;;;;;;;;1;;;"[{""nation"": ""ANZAC"", ""infantry"": 1}, {""nation"": ""UK (Pacific)"", ""infantry"": 3}]";;"{""isCapital"": false, ""type"": ""none""}";none;UK (Pacific);
pacific-sumatra;Sumatra;Territory;Dutch;4;No;;No;Pacific;;;Asia;Dutch;;;;;;;;;;;;;;;;;;;;;"[{""nation"": ""Dutch""}]";;"{""isCapital"": false, ""type"": ""none""}";none;Dutch;
pacific-java;Java;Territory;Dutch;4;No;;No;Pacific;;;Asia;Dutch;;;;;;;;;;;;;;;;;;;;;"[{""nation"": ""Dutch""}]";;"{""isCapital"": false, ""type"": ""none""}";none;Dutch;
pacific-borneo;Borneo;Territory;UK (Pacific);4;No;;No;Pacific;;;Asia;UK (Pacific);;;;;;;;;;;;;;;;;;;;;"[{""nation"": ""UK (Pacific)""}]";;"{""isCapital"": false, ""type"": ""none""}";none;UK (Pacific);
pacific-celebes;Celebes;Territory;Dutch;3;No;;No;Pacific;;;Asia;Dutch;;;;;;;;;;;;;;;;;;;;;"[{""nation"": ""Dutch""}]";;"{""isCapital"": false, ""type"": ""none""}";none;Dutch;
pacific-india-calcutta;India (Calcutta);Territory;UK (Pacific);3;Yes;UK (Pacific);Yes;Pacific;Yes;;Asia;UK (Pacific);6;1;;;3;1;1;;;;;;;;;1;1;1;;;"[{""nation"": ""UK (Pacific)"", ""infantry"": 6, ""artillery"": 1, ""aaa"": 3, ""fighter"": 1, ""tacticalbomber"": 1}]";;"{""isCapital"": true, ""type"": ""main"", ""capitalOf"": ""UK (Pacific)""}";none;UK (Pacific);
europe-west-india;West India;Territory;UK (Europe);2;No;;No;Europe;;;Asia;UK (Europe);1;;;;;;;;;;;;;;;;;;;;"[{""nation"": ""UK (Europe)"", ""infantry"": 1}]";;"{""isCapital"": false, ""type"": ""none""}";none;UK (Europe);
pacific-ceylon;Ceylon;Territory;UK (Pacific);0;No;;No;Pacific;;;Asia;UK (Pacific);;;;;;;;;;;;;;;;;;;;;"[{""nation"": ""UK (Pacific)""}]";;"{""isCapital"": false, ""type"": ""none""}";none;UK (Pacific);
pacific-burma;Burma;Territory;UK (Pacific);1;No;;No;Pacific;;;Asia;UK (Pacific);2;;;;;1;;;;;;;;;;;;;;;"[{""nation"": ""UK (Pacific)"", ""infantry"": 2, ""fighter"": 1}]";;"{""isCapital"": false, ""type"": ""none""}";none;UK (Pacific);
pacific-shan-state;Shan State;Territory;UK (Pacific);1;No;;No;Pacific;;;Asia;UK (Pacific);;;;;;;;;;;;;;;;;;;;;"[{""nation"": ""UK (Pacific)""}]";;"{""isCapital"": false, ""type"": ""none""}";none;UK (Pacific);
pacific-paula-island;Paula island;Territory;Japan;0;No;;No;Pacific;;;Asia;Japan;1;;;;;;;;;;;;;;;;;;;;"[{""nation"": ""Japan"", ""infantry"": 1}]";;"{""isCapital"": false, ""type"": ""none""}";none;Japan;
pacific-carolines-islands;Carolines Islands;Territory;Japan;0;No;;No;Pacific;;;Asia;Japan;2;;;;1;;;;;;;;;;;;1;1;;;"[{""nation"": ""Japan"", ""infantry"": 2, ""aaa"": 1}]";;"{""isCapital"": false, ""type"": ""none""}";none;Japan;
pacific-dutch-new-guinea;Dutch New Guinea;Territory;Dutch;0;No;;No;Pacific;;;Asia;Dutch;;;;;;;;;;;;;;;;;;;;;"[{""nation"": ""Dutch""}]";;"{""isCapital"": false, ""type"": ""none""}";none;Dutch;
pacific-new-guinea;New Guinea;Territory;ANZAC;0;No;;No;Pacific;;;Asia;ANZAC;;;;;;;;;;;;;;;;;;;;;"[{""nation"": ""ANZAC""}]";;"{""isCapital"": false, ""type"": ""none""}";none;ANZAC;
pacific-new-britain;New Britain;Territory;ANZAC;0;No;;No;Pacific;;;Asia;ANZAC;;;;;;;;;;;;;;;;;;;;;"[{""nation"": ""ANZAC""}]";;"{""isCapital"": false, ""type"": ""none""}";none;ANZAC;
pacific-solomon-islands;Solomon Islands;Territory;ANZAC;0;No;;No;Pacific;;;Asia;ANZAC;;;;;;;;;;;;;;;;;;;;;"[{""nation"": ""ANZAC""}]";;"{""isCapital"": false, ""type"": ""none""}";none;ANZAC;
pacific-northern-territory;Northern Territory;Territory;ANZAC;1;No;;No;Pacific;;;Asia;ANZAC;;;;;;;;;;;;;;;;;;;;;"[{""nation"": ""ANZAC""}]";;"{""isCapital"": false, ""type"": ""none""}";none;ANZAC;
pacific-queensland;Queensland;Territory;ANZAC;2;No;;No;Pacific;;;Asia;ANZAC;2;1;;;;1;;;;;;;;;;;1;1;;;"[{""nation"": ""ANZAC"", ""infantry"": 2, ""artillery"": 1, ""fighter"": 1}]";;"{""isCapital"": false, ""type"": ""none""}";none;ANZAC;
pacific-western-australia;Western Australia;Territory;ANZAC;1;No;;No;Pacific;;;Asia;ANZAC;;;;;;;;;;;;;;;;;;;;;"[{""nation"": ""ANZAC""}]";;"{""isCapital"": false, ""type"": ""none""}";none;ANZAC;
pacific-south-australia;South Australia;Territory;ANZAC;1;No;;No;Pacific;;;Asia;ANZAC;;;;;;;;;;;;;;;;;;;;;"[{""nation"": ""ANZAC""}]";;"{""isCapital"": false, ""type"": ""none""}";none;ANZAC;
pacific-new-south-wales-sydney;New South Wales (Sydney);Territory;ANZAC;2;Yes;ANZAC;Yes;Pacific;Yes;;Asia;ANZAC;2;;;;2;;;;;;;;;;1;;;1;;;"[{""nation"": ""ANZAC"", ""infantry"": 2, ""aaa"": 2}]";;"{""isCapital"": true, ""type"": ""main"", ""capitalOf"": ""ANZAC""}";none;ANZAC;
pacific-new-zealand;New Zealand;Territory;ANZAC;2;No;;No;Pacific;;;Asia;ANZAC;1;;;;;2;;;;;;;;;;;1;1;;;"[{""nation"": ""ANZAC"", ""infantry"": 1, ""fighter"": 2}]";;"{""isCapital"": false, ""type"": ""none""}";none;ANZAC;
pacific-new-hebrides;New Hebrides;Territory;Dutch;0;No;;No;Pacific;;;Asia;Dutch;;;;;;;;;;;;;;;;;;;;;"[{""nation"": ""Dutch""}]";;"{""isCapital"": false, ""type"": ""none""}";none;Dutch;
pacific-gilbert-islands;Gilbert Islands;Territory;UK (Pacific);0;No;;No;Pacific;;;Asia;UK (Pacific);;;;;;;;;;;;;;;;;;;;;"[{""nation"": ""UK (Pacific)""}]";;"{""isCapital"": false, ""type"": ""none""}";none;UK (Pacific);
pacific-marshall-islands;Marshall Islands;Territory;Japan;0;No;;No;Pacific;;;Asia;Japan;;;;;;;;;;;;;;;;;;;;;"[{""nation"": ""Japan""}]";;"{""isCapital"": false, ""type"": ""none""}";none;Japan;
pacific-marianas;Marianas;Territory;Japan;0;No;;No;Pacific;;;Asia;Japan;;;;;;;;;;;;;;;;;;;;;"[{""nation"": ""Japan""}]";;"{""isCapital"": false, ""type"": ""none""}";none;Japan;
pacific-japan-tokyo;Japan (Tokyo);Territory;Japan;8;Yes;Japan;Yes;Pacific;Yes;;Asia;Japan;6;2;;1;3;2;2;2;;;;;;;;1;1;1;;;"[{""nation"": ""Japan"", ""infantry"": 6, ""artillery"": 2, ""tank"": 1, ""aaa"": 3, ""fighter"": 2, ""tacticalbomber"": 2, ""strategicbomber"": 2}]";;"{""isCapital"": true, ""type"": ""main"", ""capitalOf"": ""Japan""}";none;Japan;
pacific-iwo-jima;Iwo Jima;Territory;Japan;0;No;;No;Pacific;;;Asia;Japan;1;;;;;;;;;;;;;;;;;;;;"[{""nation"": ""Japan"", ""infantry"": 1}]";;"{""isCapital"": false, ""type"": ""none""}";none;Japan;
pacific-fiji;Fiji;Territory;UK (Pacific);0;No;;No;Pacific;;;Asia;UK (Pacific);;;;;;;;;;;;;;;;;;;;;"[{""nation"": ""UK (Pacific)""}]";;"{""isCapital"": false, ""type"": ""none""}";none;UK (Pacific);
pacific-samoa;Samoa;Territory;UK (Pacific);0;No;;No;Pacific;;;Asia;UK (Pacific);;;;;;;;;;;;;;;;;;;;;"[{""nation"": ""UK (Pacific)""}]";;"{""isCapital"": false, ""type"": ""none""}";none;UK (Pacific);
europe-turkey;Turkey;Territory;Neutral;2;No;;No;Europe;;8;Middle East;Neutral;;;;;;;;;;;;;;;;;;;;;"[{""nation"": ""Neutral (Strict)""}]";;"{""isCapital"": false, ""type"": ""none""}";strict;Neutral;
europe-syria;Syria;Territory;France;1;No;;No;Europe;;;Middle East;France;1;;;;;;;;;;;;;;;;;;;;"[{""nation"": ""France"", ""infantry"": 1}]";;"{""isCapital"": false, ""type"": ""none""}";none;France;
europe-trans-jordan;Trans-Jordan;Territory;UK (Europe);1;No;;No;Europe;;;Middle East;UK (Europe);;;;;;;;;;;;;;;;;;;;;"[{""nation"": ""UK (Europe)""}]";;"{""isCapital"": false, ""type"": ""none""}";none;UK (Europe);
europe-iraq;Iraq;Territory;Neutral;2;No;;No;Europe;;3;Middle East;Neutral;;;;;;;;;;;;;;;;;;;;;"[{""nation"": ""Neutral (Pro Axis)""}]";;"{""isCapital"": false, ""type"": ""none""}";pro-axis;Neutral;
europe-saudi-arabia;Saudi Arabia;Territory;Neutral;2;No;;No;Europe;;2;Middle East;Neutral;;;;;;;;;;;;;;;;;;;;;"[{""nation"": ""Neutral""}]";;"{""isCapital"": false, ""type"": ""none""}";other;Neutral;
europe-northwest-persia;Northwest Persia;Territory;Neutral;2;No;;No;Europe;;2;Middle East;Neutral;;;;;;;;;;;;;;;;;;;;;"[{""nation"": ""Neutral (Pro Allies)""}]";;"{""isCapital"": false, ""type"": ""none""}";pro-allies;Neutral;
europe-persia;Persia;Territory;Neutral;2;No;;No;Europe;;2;Middle East;Neutral;;;;;;;;;;;;;;;;;;;;;"[{""nation"": ""Neutral (Pro Allies)""}]";;"{""isCapital"": false, ""type"": ""none""}";pro-allies;Neutral;
europe-eastern-persia;Eastern Persia;Territory;Neutral;0;No;;No;Europe;;0;Middle East;Neutral;;;;;;;;;;;;;;;;;;;;;"[{""nation"": ""Neutral (Pro Allies)""}]";;"{""isCapital"": false, ""type"": ""none""}";pro-allies;Neutral;
europe-afghanistan;Afghanistan;Territory;Neutral;0;No;;No;Europe;;4;Middle East;Neutral;;;;;;;;;;;;;;;;;;;;;"[{""nation"": ""Neutral""}]";;"{""isCapital"": false, ""type"": ""none""}";other;Neutral;
pacific-sea-zone-1;Sea Zone 1;Sea Zone;;;No;;No;Pacific;;;;;;;;;;;;;;;;;;;;;;;;;"[{""nation"": ""Unknown""}]";;"{""isCapital"": false, ""type"": ""none""}";none;;"pacific-sea-zone-2;pacific-sea-zone-8;pacific-sea-zone-9;pacific-sea-zone-10"
pacific-sea-zone-2;Sea Zone 2;Sea Zone;;;No;;No;Pacific;;;;;;;;;;;;;;;;;;;;;;;;;"[{""nation"": ""Unknown""}]";;"{""isCapital"": false, ""type"": ""none""}";none;;"pacific-sea-zone-1;pacific-sea-zone-3;pacific-sea-zone-8"
pacific-sea-zone-3;Sea Zone 3;Sea Zone;;;No;;No;Pacific;;;;;;;;;;;;;;;;;;;;;;;;;"[{""nation"": ""Unknown""}]";;"{""isCapital"": false, ""type"": ""none""}";none;;"pacific-sea-zone-2;pacific-sea-zone-4;pacific-sea-zone-8"
pacific-sea-zone-4;Sea Zone 4;Sea Zone;;;No;;;Pacific;;;;;;;;;;;;;;;;;;;;;;;;;"[{""nation"": ""Unknown""}]";;"{""isCapital"": false, ""type"": ""none""}";none;;"pacific-sea-zone-3;pacific-sea-zone-5;pacific-sea-zone-7;pacific-sea-zone-8"
pacific-sea-zone-5;Sea Zone 5;Sea Zone;;;No;;;Pacific;;;;;;;;;;;;;;;;;;;;;;;;;"[{""nation"": ""Unknown""}]";;"{""isCapital"": false, ""type"": ""none""}";none;;"pacific-sea-zone-4;pacific-sea-zone-6;pacific-sea-zone-7"
pacific-sea-zone-6;Sea Zone 6;Sea Zone;Japan;;No;;;Pacific;;;;;;;;;;2;2;;;2;1;2;1;1;;;;;;;"[{""nation"": ""Japan"", ""fighter"": 2, ""tacticalbomber"": 2, ""aircraftcarrier"": 2, ""cruiser"": 1, ""destroyer"": 2, ""submarine"": 1, ""transport"": 1}]";;"{""isCapital"": false, ""type"": ""none""}";none;;"pacific-sea-zone-5;pacific-sea-zone-7;pacific-sea-zone-16;pacific-sea-zone-17;pacific-sea-zone-18;pacific-sea-zone-19"
pacific-sea-zone-7;Sea Zone 7;Sea Zone;;;No;;;Pacific;;;;;;;;;;;;;;;;;;;;;;;;;"[{""nation"": ""Unknown""}]";;"{""isCapital"": false, ""type"": ""none""}";none;;"pacific-sea-zone-6;pacific-sea-zone-8"
pacific-sea-zone-8;Sea Zone 8;Sea Zone;;;No;;;Pacific;;;;;;;;;;;;;;;;;;;;;;;;;"[{""nation"": ""Unknown""}]";;"{""isCapital"": false, ""type"": ""none""}";none;;"pacific-sea-zone-7;pacific-sea-zone-9"
pacific-sea-zone-9;Sea Zone 9;Sea Zone;;;No;;;Pacific;;;;;;;;;;;;;;;;;;;;;;;;;"[{""nation"": ""Unknown""}]";;"{""isCapital"": false, ""type"": ""none""}";none;;"pacific-sea-zone-10;pacific-sea-zone-8"
pacific-sea-zone-10;Sea Zone 10;Sea Zone;USA;;No;;;Pacific;;;;;;;;;;1;1;;1;1;1;1;;1;;;;;;;"[{""nation"": ""USA"", ""fighter"": 1, ""tacticalbomber"": 1, ""battleship"": 1, ""aircraftcarrier"": 1, ""cruiser"": 1, ""destroyer"": 1, ""transport"": 1}]";;"{""isCapital"": false, ""type"": ""none""}";none;;"pacific-sea-zone-11;pacific-sea-zone-9"
pacific-sea-zone-11;Sea Zone 11;Sea Zone;;;No;;;Pacific;;;;;;;;;;;;;;;;;;;;;;;;;"[{""nation"": ""Unknown""}]";;"{""isCapital"": false, ""type"": ""none""}";none;;"pacific-sea-zone-10;pacific-sea-zone-12"
pacific-sea-zone-12;Sea Zone 12;Sea Zone;;;No;;;Pacific;;;;;;;;;;;;;;;;;;;;;;;;;"[{""nation"": ""Unknown""}]";;"{""isCapital"": false, ""type"": ""none""}";none;;"pacific-sea-zone-11;pacific-sea-zone-13"
pacific-sea-zone-13;Sea Zone 13;Sea Zone;;;No;;;Pacific;;;;;;;;;;;;;;;;;;;;;;;;;"[{""nation"": ""Unknown""}]";;"{""isCapital"": false, ""type"": ""none""}";none;;"pacific-sea-zone-12;pacific-sea-zone-14"
pacific-sea-zone-14;Sea Zone 14;Sea Zone;;;No;;;Pacific;;;;;;;;;;;;;;;;;;;;;;;;;"[{""nation"": ""Unknown""}]";;"{""isCapital"": false, ""type"": ""none""}";none;;"pacific-sea-zone-13;pacific-sea-zone-15"
pacific-sea-zone-15;Sea Zone 15;Sea Zone;;;No;;;Pacific;;;;;;;;;;;;;;;;;;;;;;;;;"[{""nation"": ""Unknown""}]";;"{""isCapital"": false, ""type"": ""none""}";none;;"pacific-sea-zone-14;pacific-sea-zone-16"
pacific-sea-zone-16;Sea Zone 16;Sea Zone;;;No;;;Pacific;;;;;;;;;;;;;;;;;;;;;;;;;"[{""nation"": ""Unknown""}]";;"{""isCapital"": false, ""type"": ""none""}";none;;"pacific-sea-zone-15;pacific-sea-zone-17"
pacific-sea-zone-17;Sea Zone 17;Sea Zone;;;No;;;Pacific;;;;;;;;;;;;;;;;;;;;;;;;;"[{""nation"": ""Unknown""}]";;"{""isCapital"": false, ""type"": ""none""}";none;;"pacific-sea-zone-16;pacific-sea-zone-18"
pacific-sea-zone-18;Sea Zone 18;Sea Zone;;;No;;;Pacific;;;;;;;;;;;;;;;;;;;;;;;;;"[{""nation"": ""Unknown""}]";;"{""isCapital"": false, ""type"": ""none""}";none;;"pacific-sea-zone-17;pacific-sea-zone-19"
pacific-sea-zone-19;Sea Zone 19;Sea Zone;Japan;;No;;;Pacific;;;;;;;;;;;;;1;;;1;1;1;;;;;;;"[{""nation"": ""Japan"", ""battleship"": 1, ""destroyer"": 1, ""submarine"": 1, ""transport"": 1}]";;"{""isCapital"": false, ""type"": ""none""}";none;;"pacific-sea-zone-18;pacific-sea-zone-20"
pacific-sea-zone-20;Sea Zone 20;Sea Zone;Japan;;No;;;Pacific;;;;;;;;;;;;;;;1;;;1;;;;;;;"[{""nation"": ""Japan"", ""cruiser"": 1, ""transport"": 1}]";;"{""isCapital"": false, ""type"": ""none""}";none;;"pacific-sea-zone-19;pacific-sea-zone-21"
pacific-sea-zone-21;Sea Zone 21;Sea Zone;;;No;;;Pacific;;;;;;;;;;;;;;;;;;;;;;;;;"[{""nation"": ""Unknown""}]";;"{""isCapital"": false, ""type"": ""none""}";none;;"pacific-sea-zone-20;pacific-sea-zone-22"
pacific-sea-zone-22;Sea Zone 22;Sea Zone;;;No;;;Pacific;;;;;;;;;;;;;;;;;;;;;;;;;"[{""nation"": ""Unknown""}]";;"{""isCapital"": false, ""type"": ""none""}";none;;"pacific-sea-zone-21;pacific-sea-zone-23"
pacific-sea-zone-23;Sea Zone 23;Sea Zone;;;No;;;Pacific;;;;;;;;;;;;;;;;;;;;;;;;;"[{""nation"": ""Unknown""}]";;"{""isCapital"": false, ""type"": ""none""}";none;;"pacific-sea-zone-22;pacific-sea-zone-24"
pacific-sea-zone-24;Sea Zone 24;Sea Zone;;;No;;;Pacific;;;;;;;;;;;;;;;;;;;;;;;;;"[{""nation"": ""Unknown""}]";;"{""isCapital"": false, ""type"": ""none""}";none;;"pacific-sea-zone-23;pacific-sea-zone-25"
pacific-sea-zone-25;Sea Zone 25;Sea Zone;;;No;;;Pacific;;;;;;;;;;;;;;;;;;;;;;;;;"[{""nation"": ""Unknown""}]";;"{""isCapital"": false, ""type"": ""none""}";none;;"pacific-sea-zone-24;pacific-sea-zone-26"
pacific-sea-zone-26;Sea Zone 26;Sea Zone;USA;;No;;;Pacific;;;;;;;;;;;;;;;1;1;1;1;;;;;;;"[{""nation"": ""USA"", ""cruiser"": 1, ""destroyer"": 1, ""submarine"": 1, ""transport"": 1}]";;"{""isCapital"": false, ""type"": ""none""}";none;;"pacific-sea-zone-25;pacific-sea-zone-27"
pacific-sea-zone-27;Sea Zone 27;Sea Zone;;;No;;;Pacific;;;;;;;;;;;;;;;;;;;;;;;;;"[{""nation"": ""Unknown""}]";;"{""isCapital"": false, ""type"": ""none""}";none;;"pacific-sea-zone-26;pacific-sea-zone-28"
pacific-sea-zone-28;Sea Zone 28;Sea Zone;;;No;;;Pacific;;;;;;;;;;;;;;;;;;;;;;;;;"[{""nation"": ""Unknown""}]";;"{""isCapital"": false, ""type"": ""none""}";none;;"pacific-sea-zone-27;pacific-sea-zone-29"
pacific-sea-zone-29;Sea Zone 29;Sea Zone;;;No;;;Pacific;;;;;;;;;;;;;;;;;;;;;;;;;"[{""nation"": ""Unknown""}]";;"{""isCapital"": false, ""type"": ""none""}";none;;"pacific-sea-zone-28;pacific-sea-zone-30"
pacific-sea-zone-30;Sea Zone 30;Sea Zone;;;No;;;Pacific;;;;;;;;;;;;;;;;;;;;;;;;;"[{""nation"": ""Unknown""}]";;"{""isCapital"": false, ""type"": ""none""}";none;;"pacific-sea-zone-29;pacific-sea-zone-31"
pacific-sea-zone-31;Sea Zone 31;Sea Zone;;;No;;;Pacific;;;;;;;;;;;;;;;;;;;;;;;;;"[{""nation"": ""Unknown""}]";;"{""isCapital"": false, ""type"": ""none""}";none;;"pacific-sea-zone-30;pacific-sea-zone-32"
pacific-sea-zone-32;Sea Zone 32;Sea Zone;;;No;;;Pacific;;;;;;;;;;;;;;;;;;;;;;;;;"[{""nation"": ""Unknown""}]";;"{""isCapital"": false, ""type"": ""none""}";none;;"pacific-sea-zone-31;pacific-sea-zone-33"
pacific-sea-zone-33;Sea Zone 33;Sea Zone;Japan;;No;;;Pacific;;;;;;;;;;1;1;;;1;;1;;;;;;;;;"[{""nation"": ""Japan"", ""fighter"": 1, ""tacticalbomber"": 1, ""aircraftcarrier"": 1, ""destroyer"": 1}]";;"{""isCapital"": false, ""type"": ""none""}";none;;"pacific-sea-zone-32;pacific-sea-zone-34"
pacific-sea-zone-34;Sea Zone 34;Sea Zone;;;No;;;Pacific;;;;;;;;;;;;;;;;;;;;;;;;;"[{""nation"": ""Unknown""}]";;"{""isCapital"": false, ""type"": ""none""}";none;;"pacific-sea-zone-33;pacific-sea-zone-35"
pacific-sea-zone-35;Sea Zone 35;Sea Zone;USA;;No;;;Pacific;;;;;;;;;;;;;;;;1;1;;;;;;;;"[{""nation"": ""USA"", ""destroyer"": 1, ""submarine"": 1}]";;"{""isCapital"": false, ""type"": ""none""}";none;;"pacific-sea-zone-34;pacific-sea-zone-36"
pacific-sea-zone-36;Sea Zone 36;Sea Zone;;;No;;;Pacific;;;;;;;;;;;;;;;;;;;;;;;;;"[{""nation"": ""Unknown""}]";;"{""isCapital"": false, ""type"": ""none""}";none;;"pacific-sea-zone-35;pacific-sea-zone-37"
pacific-sea-zone-37;Sea Zone 37;Sea Zone;UK (Pacific);;No;;;Pacific;;;;;;;;;;;;;1;;;;;;;;;;;;"[{""nation"": ""UK (Pacific)"", ""battleship"": 1}]";;"{""isCapital"": false, ""type"": ""none""}";none;;"pacific-sea-zone-36;pacific-sea-zone-38"
pacific-sea-zone-38;Sea Zone 38;Sea Zone;;;No;;;Pacific;;;;;;;;;;;;;;;;;;;;;;;;;"[{""nation"": ""Unknown""}]";;"{""isCapital"": false, ""type"": ""none""}";none;;"pacific-sea-zone-37;pacific-sea-zone-39"
pacific-sea-zone-39;Sea Zone 39;Sea Zone;UK (Pacific);;No;;;Pacific;;;;;;;;;;;;;;;1;1;;1;;;;;;;"[{""nation"": ""UK (Pacific)"", ""cruiser"": 1, ""destroyer"": 1, ""transport"": 1}]";;"{""isCapital"": false, ""type"": ""none""}";none;;"pacific-sea-zone-38;pacific-sea-zone-40"
pacific-sea-zone-40;Sea Zone 40;Sea Zone;;;No;;;Pacific;;;;;;;;;;;;;;;;;;;;;;;;;"[{""nation"": ""Unknown""}]";;"{""isCapital"": false, ""type"": ""none""}";none;;"pacific-sea-zone-39;pacific-sea-zone-41"
pacific-sea-zone-41;Sea Zone 41;Sea Zone;;;No;;;Pacific;;;;;;;;;;;;;;;;;;;;;;;;;"[{""nation"": ""Unknown""}]";;"{""isCapital"": false, ""type"": ""none""}";none;;"pacific-sea-zone-40;pacific-sea-zone-42"
pacific-sea-zone-42;Sea Zone 42;Sea Zone;;;No;;;Pacific;;;;;;;;;;;;;;;;;;;;;;;;;"[{""nation"": ""Unknown""}]";;"{""isCapital"": false, ""type"": ""none""}";none;;"pacific-sea-zone-41;pacific-sea-zone-43"
pacific-sea-zone-43;Sea Zone 43;Sea Zone;;;No;;;Pacific;;;;;;;;;;;;;;;;;;;;;;;;;"[{""nation"": ""Unknown""}]";;"{""isCapital"": false, ""type"": ""none""}";none;;"pacific-sea-zone-42;pacific-sea-zone-44"
pacific-sea-zone-44;Sea Zone 44;Sea Zone;;;No;;;Pacific;;;;;;;;;;;;;;;;;;;;;;;;;"[{""nation"": ""Unknown""}]";;"{""isCapital"": false, ""type"": ""none""}";none;;"pacific-sea-zone-43;pacific-sea-zone-45"
pacific-sea-zone-45;Sea Zone 45;Sea Zone;;;No;;;Pacific;;;;;;;;;;;;;;;;;;;;;;;;;"[{""nation"": ""Unknown""}]";;"{""isCapital"": false, ""type"": ""none""}";none;;"pacific-sea-zone-44;pacific-sea-zone-46"
pacific-sea-zone-46;Sea Zone 46;Sea Zone;;;No;;;Pacific;;;;;;;;;;;;;;;;;;;;;;;;;"[{""nation"": ""Unknown""}]";;"{""isCapital"": false, ""type"": ""none""}";none;;"pacific-sea-zone-45;pacific-sea-zone-47"
pacific-sea-zone-47;Sea Zone 47;Sea Zone;;;No;;;Pacific;;;;;;;;;;;;;;;;;;;;;;;;;"[{""nation"": ""Unknown""}]";;"{""isCapital"": false, ""type"": ""none""}";none;;"pacific-sea-zone-46;pacific-sea-zone-48"
pacific-sea-zone-48;Sea Zone 48;Sea Zone;;;No;;;Pacific;;;;;;;;;;;;;;;;;;;;;;;;;"[{""nation"": ""Unknown""}]";;"{""isCapital"": false, ""type"": ""none""}";none;;"pacific-sea-zone-47;pacific-sea-zone-49"
pacific-sea-zone-49;Sea Zone 49;Sea Zone;;;No;;;Pacific;;;;;;;;;;;;;;;;;;;;;;;;;"[{""nation"": ""Unknown""}]";;"{""isCapital"": false, ""type"": ""none""}";none;;"pacific-sea-zone-48;pacific-sea-zone-50"
pacific-sea-zone-50;Sea Zone 50;Sea Zone;;;No;;;Pacific;;;;;;;;;;;;;;;;;;;;;;;;;"[{""nation"": ""Unknown""}]";;"{""isCapital"": false, ""type"": ""none""}";none;;"pacific-sea-zone-49;pacific-sea-zone-51"
pacific-sea-zone-51;Sea Zone 51;Sea Zone;;;No;;;Pacific;;;;;;;;;;;;;;;;;;;;;;;;;"[{""nation"": ""Unknown""}]";;"{""isCapital"": false, ""type"": ""none""}";none;;"pacific-sea-zone-50;pacific-sea-zone-52"
pacific-sea-zone-52;Sea Zone 52;Sea Zone;;;No;;;Pacific;;;;;;;;;;;;;;;;;;;;;;;;;"[{""nation"": ""Unknown""}]";;"{""isCapital"": false, ""type"": ""none""}";none;;"pacific-sea-zone-51;pacific-sea-zone-53"
pacific-sea-zone-53;Sea Zone 53;Sea Zone;;;No;;;Pacific;;;;;;;;;;;;;;;;;;;;;;;;;"[{""nation"": ""Unknown""}]";;"{""isCapital"": false, ""type"": ""none""}";none;;"pacific-sea-zone-52;pacific-sea-zone-54"
pacific-sea-zone-54;Sea Zone 54;Sea Zone;;;No;;;Pacific;;;;;;;;;;;;;;;;;;;;;;;;;"[{""nation"": ""Unknown""}]";;"{""isCapital"": false, ""type"": ""none""}";none;;"pacific-sea-zone-53;pacific-sea-zone-55"
pacific-sea-zone-55;Sea Zone 55;Sea Zone;;;No;;;Pacific;;;;;;;;;;;;;;;;;;;;;;;;;"[{""nation"": ""Unknown""}]";;"{""isCapital"": false, ""type"": ""none""}";none;;"pacific-sea-zone-54;pacific-sea-zone-56"
pacific-sea-zone-56;Sea Zone 56;Sea Zone;;;No;;;Pacific;;;;;;;;;;;;;;;;;;;;;;;;;"[{""nation"": ""Unknown""}]";;"{""isCapital"": false, ""type"": ""none""}";none;;"pacific-sea-zone-55;pacific-sea-zone-57"
pacific-sea-zone-57;Sea Zone 57;Sea Zone;;;No;;;Pacific;;;;;;;;;;;;;;;;;;;;;;;;;"[{""nation"": ""Unknown""}]";;"{""isCapital"": false, ""type"": ""none""}";none;;"pacific-sea-zone-56;pacific-sea-zone-58"
pacific-sea-zone-58;Sea Zone 58;Sea Zone;;;No;;;Pacific;;;;;;;;;;;;;;;;;;;;;;;;;"[{""nation"": ""Unknown""}]";;"{""isCapital"": false, ""type"": ""none""}";none;;"pacific-sea-zone-57;pacific-sea-zone-59"
pacific-sea-zone-59;Sea Zone 59;Sea Zone;;;No;;;Pacific;;;;;;;;;;;;;;;;;;;;;;;;;"[{""nation"": ""Unknown""}]";;"{""isCapital"": false, ""type"": ""none""}";none;;"pacific-sea-zone-58;pacific-sea-zone-60"
pacific-sea-zone-60;Sea Zone 60;Sea Zone;;;No;;;Pacific;;;;;;;;;;;;;;;;;;;;;;;;;"[{""nation"": ""Unknown""}]";;"{""isCapital"": false, ""type"": ""none""}";none;;"pacific-sea-zone-59;pacific-sea-zone-61"
pacific-sea-zone-61;Sea Zone 61;Sea Zone;;;No;;;Pacific;;;;;;;;;;;;;;;;;;;;;;;;;"[{""nation"": ""Unknown""}]";;"{""isCapital"": false, ""type"": ""none""}";none;;"pacific-sea-zone-60;pacific-sea-zone-62"
pacific-sea-zone-62;Sea Zone 62;Sea Zone;ANZAC;;No;;;Pacific;;;;;;;;;;;;;;;;1;;1;;;;;;;"[{""nation"": ""ANZAC"", ""destroyer"": 1, ""transport"": 1}]";;"{""isCapital"": false, ""type"": ""none""}";none;;"pacific-sea-zone-61;pacific-sea-zone-63"
pacific-sea-zone-63;Sea Zone 63;Sea Zone;ANZAC;;No;;;Pacific;;;;;;;;;;;;;;;1;;;;;;;;;;"[{""nation"": ""ANZAC"", ""cruiser"": 1}]";;"{""isCapital"": false, ""type"": ""none""}";none;;"europe-sea-zone-64;pacific-sea-zone-62"
europe-sea-zone-64;Sea Zone 64;Sea Zone;;;No;;;Europe;;;;;;;;;;;;;;;;;;;;;;;;;"[{""nation"": ""Unknown""}]";;"{""isCapital"": false, ""type"": ""none""}";none;;"europe-sea-zone-65;pacific-sea-zone-63"
europe-sea-zone-65;Sea Zone 65;Sea Zone;;;No;;;Europe;;;;;;;;;;;;;;;;;;;;;;;;;"[{""nation"": ""Unknown""}]";;"{""isCapital"": false, ""type"": ""none""}";none;;"europe-sea-zone-64;europe-sea-zone-66"
europe-sea-zone-66;Sea Zone 66;Sea Zone;;;No;;;Europe;;;;;;;;;;;;;;;;;;;;;;;;;"[{""nation"": ""Unknown""}]";;"{""isCapital"": false, ""type"": ""none""}";none;;"europe-sea-zone-65;europe-sea-zone-67"
europe-sea-zone-67;Sea Zone 67;Sea Zone;;;No;;;Europe;;;;;;;;;;;;;;;;;;;;;;;;;"[{""nation"": ""Unknown""}]";;"{""isCapital"": false, ""type"": ""none""}";none;;"europe-sea-zone-66;europe-sea-zone-68"
europe-sea-zone-68;Sea Zone 68;Sea Zone;;;No;;;Europe;;;;;;;;;;;;;;;;;;;;;;;;;"[{""nation"": ""Unknown""}]";;"{""isCapital"": false, ""type"": ""none""}";none;;"europe-sea-zone-67;europe-sea-zone-69"
europe-sea-zone-69;Sea Zone 69;Sea Zone;;;No;;;Europe;;;;;;;;;;;;;;;;;;;;;;;;;"[{""nation"": ""Unknown""}]";;"{""isCapital"": false, ""type"": ""none""}";none;;"europe-sea-zone-68;europe-sea-zone-70"
europe-sea-zone-70;Sea Zone 70;Sea Zone;;;No;;;Europe;;;;;;;;;;;;;;;;;;;;;;;;;"[{""nation"": ""Unknown""}]";;"{""isCapital"": false, ""type"": ""none""}";none;;"europe-sea-zone-69;europe-sea-zone-71"
europe-sea-zone-71;Sea Zone 71;Sea Zone;UK (Europe);;No;;;Europe;;;;;;;;;;;;;;;;1;;;;;;;;;"[{""nation"": ""UK (Europe)"", ""destroyer"": 1}]";;"{""isCapital"": false, ""type"": ""none""}";none;;"europe-sea-zone-70;europe-sea-zone-72"
europe-sea-zone-72;Sea Zone 72;Sea Zone;France;;No;;;Europe;;;;;;;;;;;;;;;;1;;;;;;;;;"[{""nation"": ""France"", ""destroyer"": 1}]";;"{""isCapital"": false, ""type"": ""none""}";none;;"europe-sea-zone-71;europe-sea-zone-73"
europe-sea-zone-73;Sea Zone 73;Sea Zone;;;No;;;Europe;;;;;;;;;;;;;;;;;;;;;;;;;"[{""nation"": ""Unknown""}]";;"{""isCapital"": false, ""type"": ""none""}";none;;"europe-sea-zone-72;europe-sea-zone-74"
europe-sea-zone-74;Sea Zone 74;Sea Zone;;;No;;;Europe;;;;;;;;;;;;;;;;;;;;;;;;;"[{""nation"": ""Unknown""}]";;"{""isCapital"": false, ""type"": ""none""}";none;;"europe-sea-zone-73;europe-sea-zone-75"
europe-sea-zone-75;Sea Zone 75;Sea Zone;;;No;;;Europe;;;;;;;;;;;;;;;;;;;;;;;;;"[{""nation"": ""Unknown""}]";;"{""isCapital"": false, ""type"": ""none""}";none;;"europe-sea-zone-74;europe-sea-zone-76"
europe-sea-zone-76;Sea Zone 76;Sea Zone;;;No;;;Europe;;;;;;;;;;;;;;;;;;;;;;;;;"[{""nation"": ""Unknown""}]";;"{""isCapital"": false, ""type"": ""none""}";none;;"europe-sea-zone-75;europe-sea-zone-77"
europe-sea-zone-77;Sea Zone 77;Sea Zone;;;No;;;Europe;;;;;;;;;;;;;;;;;;;;;;;;;"[{""nation"": ""Unknown""}]";;"{""isCapital"": false, ""type"": ""none""}";none;;"europe-sea-zone-76;europe-sea-zone-78"
europe-sea-zone-78;Sea Zone 78;Sea Zone;;;No;;;Europe;;;;;;;;;;;;;;;;;;;;;;;;;"[{""nation"": ""Unknown""}]";;"{""isCapital"": false, ""type"": ""none""}";none;;"europe-sea-zone-77;europe-sea-zone-79"
europe-sea-zone-79;Sea Zone 79;Sea Zone;;;No;;;Europe;;;;;;;;;;;;;;;;;;;;;;;;;"[{""nation"": ""Unknown""}]";;"{""isCapital"": false, ""type"": ""none""}";none;;"europe-sea-zone-78;europe-sea-zone-80"
europe-sea-zone-80;Sea Zone 80;Sea Zone;;;No;;;Europe;;;;;;;;;;;;;;;;;;;;;;;;;"[{""nation"": ""Unknown""}]";;"{""isCapital"": false, ""type"": ""none""}";none;;"europe-sea-zone-79;europe-sea-zone-81"
europe-sea-zone-81;Sea Zone 81;Sea Zone;;;No;;;Europe;;;;;;;;;;;;;;;;;;;;;;;;;"[{""nation"": ""Unknown""}]";;"{""isCapital"": false, ""type"": ""none""}";none;;"europe-sea-zone-80;europe-sea-zone-82"
europe-sea-zone-82;Sea Zone 82;Sea Zone;;;No;;;Europe;;;;;;;;;;;;;;;;;;;;;;;;;"[{""nation"": ""Unknown""}]";;"{""isCapital"": false, ""type"": ""none""}";none;;"europe-sea-zone-81;europe-sea-zone-83"
europe-sea-zone-83;Sea Zone 83;Sea Zone;;;No;;;Europe;;;;;;;;;;;;;;;;;;;;;;;;;"[{""nation"": ""Unknown""}]";;"{""isCapital"": false, ""type"": ""none""}";none;;"europe-sea-zone-82;europe-sea-zone-84"
europe-sea-zone-84;Sea Zone 84;Sea Zone;;;No;;;Europe;;;;;;;;;;;;;;;;;;;;;;;;;"[{""nation"": ""Unknown""}]";;"{""isCapital"": false, ""type"": ""none""}";none;;"europe-sea-zone-83;europe-sea-zone-85"
europe-sea-zone-85;Sea Zone 85;Sea Zone;;;No;;;Europe;;;;;;;;;;;;;;;;;;;;;;;;;"[{""nation"": ""Unknown""}]";;"{""isCapital"": false, ""type"": ""none""}";none;;"europe-sea-zone-84;europe-sea-zone-86"
europe-sea-zone-86;Sea Zone 86;Sea Zone;;;No;;;Europe;;;;;;;;;;;;;;;;;;;;;;;;;"[{""nation"": ""Unknown""}]";;"{""isCapital"": false, ""type"": ""none""}";none;;"europe-sea-zone-85;europe-sea-zone-87"
europe-sea-zone-87;Sea Zone 87;Sea Zone;;;No;;;Europe;;;;;;;;;;;;;;;;;;;;;;;;;"[{""nation"": ""Unknown""}]";;"{""isCapital"": false, ""type"": ""none""}";none;;"europe-sea-zone-86;europe-sea-zone-88"
europe-sea-zone-88;Sea Zone 88;Sea Zone;;;No;;;Europe;;;;;;;;;;;;;;;;;;;;;;;;;"[{""nation"": ""Unknown""}]";;"{""isCapital"": false, ""type"": ""none""}";none;;"europe-sea-zone-87;europe-sea-zone-89"
europe-sea-zone-89;Sea Zone 89;Sea Zone;;;No;;;Europe;;;;;;;;;;;;;;;;;;;;;;;;;"[{""nation"": ""Unknown""}]";;"{""isCapital"": false, ""type"": ""none""}";none;;"europe-sea-zone-88;europe-sea-zone-90"
europe-sea-zone-90;Sea Zone 90;Sea Zone;;;No;;;Europe;;;;;;;;;;;;;;;;;;;;;;;;;"[{""nation"": ""Unknown""}]";;"{""isCapital"": false, ""type"": ""none""}";none;;"europe-sea-zone-103;europe-sea-zone-89;europe-sea-zone-91"
europe-sea-zone-91;Sea Zone 91;Sea Zone;UK (Europe);;No;;;Europe;;;;;;;;;;;;;;;1;;;;;;;;;;"[{""nation"": ""UK (Europe)"", ""cruiser"": 1}]";;"{""isCapital"": false, ""type"": ""none""}";none;;"europe-sea-zone-103;europe-sea-zone-90;europe-sea-zone-92"
europe-sea-zone-92;Sea Zone 92;Sea Zone;;;No;;;Europe;;;;;;;;;;;;;;;;;;;;;;;;;"[{""nation"": ""Unknown""}]";;"{""isCapital"": false, ""type"": ""none""}";none;;"europe-sea-zone-91;europe-sea-zone-93"
europe-sea-zone-93;Sea Zone 93;Sea Zone;France;;No;;;Europe;;;;;;;;;;;;;;;1;1;;;;;;;;;"[{""nation"": ""France"", ""cruiser"": 1, ""destroyer"": 1}]";;"{""isCapital"": false, ""type"": ""none""}";none;;"europe-sea-zone-92;europe-sea-zone-94"
europe-sea-zone-94;Sea Zone 94;Sea Zone;;;No;;;Europe;;;;;;;;;;;;;;;;;;;;;;;;;"[{""nation"": ""Unknown""}]";;"{""isCapital"": false, ""type"": ""none""}";none;;"europe-sea-zone-93;europe-sea-zone-95"
europe-sea-zone-95;Sea Zone 95;Sea Zone;Italy;;No;;;Europe;;;;;;;;;;;;;;;1;1;1;1;;;;;;;"[{""nation"": ""Italy"", ""cruiser"": 1, ""destroyer"": 1, ""submarine"": 1, ""transport"": 1}]";;"{""isCapital"": false, ""type"": ""none""}";none;;"europe-sea-zone-94;europe-sea-zone-96"
europe-sea-zone-96;Sea Zone 96;Sea Zone;Italy;;No;;;Europe;;;;;;;;;;;;;;;;1;;1;;;;;;;"[{""nation"": ""Italy"", ""destroyer"": 1, ""transport"": 1}]";;"{""isCapital"": false, ""type"": ""none""}";none;;"europe-sea-zone-95;europe-sea-zone-97"
europe-sea-zone-97;Sea Zone 97;Sea Zone;Italy;;No;;;Europe;;;;;;;;;;;;;1;;1;;;1;;;;;;;"[{""nation"": ""Italy"", ""battleship"": 1, ""cruiser"": 1, ""transport"": 1}]";;"{""isCapital"": false, ""type"": ""none""}";none;;"europe-sea-zone-96;europe-sea-zone-98"
europe-sea-zone-98;Sea Zone 98;Sea Zone;UK (Europe);;No;;;Europe;;;;;;;;;;;1;;;1;1;1;;1;;;;;;;"[{""nation"": ""UK (Europe)"", ""tacticalbomber"": 1, ""aircraftcarrier"": 1, ""cruiser"": 1, ""destroyer"": 1, ""transport"": 1}]";;"{""isCapital"": false, ""type"": ""none""}";none;;"europe-sea-zone-97;europe-sea-zone-99"
europe-sea-zone-99;Sea Zone 99;Sea Zone;;;No;;;Europe;;;;;;;;;;;;;;;;;;;;;;;;;"[{""nation"": ""Unknown""}]";;"{""isCapital"": false, ""type"": ""none""}";none;;"europe-sea-zone-100;europe-sea-zone-98"
europe-sea-zone-100;Sea Zone 100;Sea Zone;;;No;;;Europe;;;;;;;;;;;;;;;;;;;;;;;;;"[{""nation"": ""Unknown""}]";;"{""isCapital"": false, ""type"": ""none""}";none;;"europe-sea-zone-101;europe-sea-zone-99"
europe-sea-zone-101;Sea Zone 101;Sea Zone;USA;;No;;;Europe;;;;;;;;;;;;;;;1;;;1;;;;;;;"[{""nation"": ""USA"", ""cruiser"": 1, ""transport"": 1}]";;"{""isCapital"": false, ""type"": ""none""}";none;;"europe-sea-zone-100;europe-sea-zone-102"
europe-sea-zone-102;Sea Zone 102;Sea Zone;;;No;;;Europe;;;;;;;;;;;;;;;;;;;;;;;;;"[{""nation"": ""Unknown""}]";;"{""isCapital"": false, ""type"": ""none""}";none;;"europe-sea-zone-101;europe-sea-zone-103"
europe-sea-zone-103;Sea Zone 103;Sea Zone;Germany;;No;;;Europe;;;;;;;;;;;;;;;;;1;;;;;;;;"[{""nation"": ""Germany"", ""submarine"": 1}]";;"{""isCapital"": false, ""type"": ""none""}";none;;"europe-sea-zone-102;europe-sea-zone-104;europe-sea-zone-107;europe-sea-zone-108;europe-sea-zone-90;europe-sea-zone-91"
europe-sea-zone-104;Sea Zone 104;Sea Zone;;;No;;;Europe;;;;;;;;;;;;;;;;;;;;;;;;;"[{""nation"": ""Unknown""}]";;"{""isCapital"": false, ""type"": ""none""}";none;;"europe-sea-zone-103;europe-sea-zone-105"
europe-sea-zone-105;Sea Zone 105;Sea Zone;;;No;;;Europe;;;;;;;;;;;;;;;;;;;;;;;;;"[{""nation"": ""Unknown""}]";;"{""isCapital"": false, ""type"": ""none""}";none;;"europe-sea-zone-104;europe-sea-zone-106"
europe-sea-zone-106;Sea Zone 106;Sea Zone;UK (Europe);;No;;;Europe;;;;;;;;;;;;;;;;;1;;1;;;;;;"[{""nation"": ""UK (Europe)"", ""submarine"": 1}]";;"{""isCapital"": false, ""type"": ""none""}";none;;"europe-sea-zone-105;europe-sea-zone-107"
europe-sea-zone-107;Sea Zone 107;Sea Zone;;;No;;;Europe;;;;;;;;;;;;;;;;;;;;;;;;;"[{""nation"": ""Unknown""}]";;"{""isCapital"": false, ""type"": ""none""}";none;;"europe-sea-zone-103;europe-sea-zone-106;europe-sea-zone-108"
europe-sea-zone-108;Sea Zone 108;Sea Zone;;;No;;;Europe;;;;;;;;;;;;;;;;;1;;;;;;;;"[{""nation"": ""Unknown"", ""submarine"": 1}]";;"{""isCapital"": false, ""type"": ""none""}";none;;"europe-sea-zone-103;europe-sea-zone-107;europe-sea-zone-109"
europe-sea-zone-109;Sea Zone 109;Sea Zone;UK (Europe);;No;;;Europe;;;;;;;;;;;;;;;;1;;1;;;;;;;"[{""nation"": ""UK (Europe)"", ""destroyer"": 1, ""transport"": 1}]";;"{""isCapital"": false, ""type"": ""none""}";none;;"europe-sea-zone-108;europe-sea-zone-110"
europe-sea-zone-110;Sea Zone 110;Sea Zone;UK (Europe);;No;;;Europe;;;;;;;;;;;;;1;;1;;;;;;;;;;"[{""nation"": ""France"", ""battleship"": 1, ""cruiser"": 1}, {""nation"": ""UK (Europe)"", ""battleship"": 1, ""cruiser"": 1}]";;"{""isCapital"": false, ""type"": ""none""}";none;;"europe-sea-zone-109;europe-sea-zone-111"
europe-sea-zone-111;Sea Zone 111;Sea Zone;UK (Europe);;No;;;Europe;;;;;;;;;;;;;1;;1;1;;;;;;;;;"[{""nation"": ""UK (Europe)"", ""battleship"": 1, ""cruiser"": 1, ""destroyer"": 1}]";;"{""isCapital"": false, ""type"": ""none""}";none;;"europe-sea-zone-110;europe-sea-zone-112"
europe-sea-zone-112;Sea Zone 112;Sea Zone;;;No;;;Europe;;;;;;;;;;;;;;;;;;;;;;;;;"[{""nation"": ""Unknown""}]";;"{""isCapital"": false, ""type"": ""none""}";none;;"europe-sea-zone-111;europe-sea-zone-113"
europe-sea-zone-113;Sea Zone 113;Sea Zone;Germany;;No;;;Europe;;;;;;;;;;;;;1;;;;;;;;;;;;"[{""nation"": ""Germany"", ""battleship"": 1}]";;"{""isCapital"": false, ""type"": ""none""}";none;;"europe-sea-zone-112;europe-sea-zone-114"
europe-sea-zone-114;Sea Zone 114;Sea Zone;Germany;;No;;;Europe;;;;;;;;;;;;;;;1;;;1;;;;;;;"[{""nation"": ""Germany"", ""cruiser"": 1, ""transport"": 1}]";;"{""isCapital"": false, ""type"": ""none""}";none;;"europe-sea-zone-113;europe-sea-zone-115"
europe-sea-zone-115;Sea Zone 115;Sea Zone;Soviet Union;;No;;;Europe;;;;;;;;;;;;;;;1;;1;;;;;;;;"[{""nation"": ""Soviet Union"", ""cruiser"": 1, ""submarine"": 1}]";;"{""isCapital"": false, ""type"": ""none""}";none;;"europe-sea-zone-114;europe-sea-zone-116"
europe-sea-zone-116;Sea Zone 116;Sea Zone;;;No;;;Europe;;;;;;;;;;;;;;;;;;;;;;;;;"[{""nation"": ""Unknown""}]";;"{""isCapital"": false, ""type"": ""none""}";none;;"europe-sea-zone-115;europe-sea-zone-117"
europe-sea-zone-117;Sea Zone 117;Sea Zone;Germany;;No;;;Europe;;;;;;;;;;;;;;;;;1;;;;;;;;"[{""nation"": ""Germany"", ""submarine"": 1}]";;"{""isCapital"": false, ""type"": ""none""}";none;;"europe-sea-zone-116;europe-sea-zone-118"
europe-sea-zone-118;Sea Zone 118;Sea Zone;Germany;;No;;;Europe;;;;;;;;;;;;;;;;;1;;;;;;;;"[{""nation"": ""Germany"", ""submarine"": 1}]";;"{""isCapital"": false, ""type"": ""none""}";none;;"europe-sea-zone-117;europe-sea-zone-119"
europe-sea-zone-119;Sea Zone 119;Sea Zone;;;No;;;Europe;;;;;;;;;;;;;;;;;;;;;;;;;"[{""nation"": ""Unknown""}]";;"{""isCapital"": false, ""type"": ""none""}";none;;"europe-sea-zone-118;europe-sea-zone-120"
europe-sea-zone-120;Sea Zone 120;Sea Zone;;;No;;;Europe;;;;;;;;;;;;;;;;;;;;;;;;;"[{""nation"": ""Unknown""}]";;"{""isCapital"": false, ""type"": ""none""}";none;;"europe-albertasaskatchewanmanitoba;europe-sea-zone-119;europe-sea-zone-121"
europe-sea-zone-121;Sea Zone 121;Sea Zone;;;No;;;Europe;;;;;;;;;;;;;;;;;;;;;;;;;"[{""nation"": ""Unknown""}]";;"{""isCapital"": false, ""type"": ""none""}";none;;"europe-sea-zone-120;europe-sea-zone-122"
europe-sea-zone-122;Sea Zone 122;Sea Zone;;;No;;;Europe;;;;;;;;;;;;;;;;;;;;;;;;;"[{""nation"": ""Unknown""}]";;"{""isCapital"": false, ""type"": ""none""}";none;;"europe-sea-zone-121;europe-sea-zone-123"
europe-sea-zone-123;Sea Zone 123;Sea Zone;;;No;;;Europe;;;;;;;;;;;;;;;;;;;;;;;;;"[{""nation"": ""Unknown""}]";;"{""isCapital"": false, ""type"": ""none""}";none;;"europe-sea-zone-122;europe-sea-zone-124"
europe-sea-zone-124;Sea Zone 124;Sea Zone;Germany;;No;;;Europe;;;;;;;;;;;;;;;;;1;;;;;;;;"[{""nation"": ""Germany"", ""submarine"": 1}]";;"{""isCapital"": false, ""type"": ""none""}";none;;"europe-sea-zone-123;europe-sea-zone-125"
europe-sea-zone-125;Sea Zone 125;Sea Zone;;;No;;;Europe;;;;;;;;;;;;;;;;;;;;;;;;;"[{""nation"": ""Unknown""}]";;"{""isCapital"": false, ""type"": ""none""}";none;;"europe-sea-zone-124;europe-sea-zone-126"
europe-sea-zone-126;Sea Zone 126;Sea Zone;;;No;;;Europe;;;;;;;;;;;;;;;;;;;;;;;;;"[{""nation"": ""Unknown""}]";;"{""isCapital"": false, ""type"": ""none""}";none;;"europe-sea-zone-125;europe-sea-zone-127"
europe-sea-zone-127;Sea Zone 127;Sea Zone;Soviet Union;;No;;;Europe;;;;;;;;;;;;;;;;;1;;;;;;;;"[{""nation"": ""Soviet Union"", ""submarine"": 1}]";;"{""isCapital"": false, ""type"": ""none""}";none;;europe-sea-zone-126
